,Bow
0,python
1,iterator
2,generator
3,yield
4,coroutine
5,operators
6,ternary-operator
7,conditional-operator
8,python-2.5
9,oop
10,metaclass
11,python-datamodel
12,file
13,file-exists
14,namespaces
15,main
16,python-module
17,idioms
18,shell
19,command
20,subprocess
21,external
22,dictionary
23,merge
24,string
25,substring
26,contains
27,exception
28,path
29,directory
30,operating-system
31,sorting
32,list
33,data-structures
34,append
35,extend
36,methods
37,python-decorators
38,loops
39,global-variables
40,scope
41,slice
42,decorator
43,python-2.7
44,multidimensional-array
45,flatten
46,windows
47,installation
48,pip
49,easy-install
50,delay
51,sleep
52,timedelay
53,magic-methods
54,repr
55,language-design
56,least-astonishment
57,reference
58,parameter-passing
59,pass-by-reference
60,datetime
61,time
62,exception-handling
63,class
64,inheritance
65,super
66,android
67,jython
68,ase
69,android-scripting
70,copy
71,clone
72,readlines
73,parsing
74,floating-point
75,type-conversion
76,integer
77,concatenation
78,syntax
79,identifier
80,kwargs
81,split
82,chunks
83,filesystems
84,copyfile
85,unicode
86,terminal
87,ansi-colors
88,uppercase
89,lowercase
90,module
91,macos
92,install
93,switch-statement
94,static
95,class-variables
96,file-io
97,folder
98,delete-file
99,c++
100,benchmarking
101,iostream
102,getline
103,indexing
104,performance
105,python-3.x
106,range
107,python-internals
108,newline
109,join
110,environment-variables
111,static-methods
112,random
113,trailing
114,hidden-features
115,class-method
116,object
117,casting
118,graph
119,matplotlib
120,plot
121,visualization
122,json
123,rounding
124,precision
125,pandas
126,replace
127,dataframe
128,rename
129,attributes
130,unset
131,args
132,stdin
133,logging
134,string-formatting
135,count
136,virtualenv
137,virtualenvwrapper
138,types
139,unsigned
140,signed
141,16-bit
142,enums
143,introspection
144,instanceof
145,list-comprehension
146,language-features
147,dict-comprehension
148,printing
149,stderr
150,zen
151,beautifulsoup
152,python-2.x
153,python-unicode
154,naming-conventions
155,underscores
156,double-underscore
157,comparison-operators
158,format
159,curly-braces
160,multithreading
161,profiling
162,time-complexity
163,rows
164,mysql
165,custom-exceptions
166,ide
167,editor
168,pop
169,del
170,trim
171,django
172,web-applications
173,scalability
174,filenames
175,file-extension
176,comparison
177,identity
178,equality
179,pypi
180,mysql-python
181,flush
182,whitespace
183,strip
184,version
185,self
186,multiline
187,multilinestring
188,comments
189,null
190,httpserver
191,simplehttpserver
192,tuples
193,setuptools
194,shebang
195,coding-style
196,return
197,return-value
198,importerror
199,python-import
200,new-style-class
201,compiled
202,interpreted-language
203,pyc
204,iterable
205,ascii
206,configuration
207,line-breaks
208,long-lines
209,function
210,lambda
211,closures
212,gcc
213,python-c-api
214,python-c-extension
215,termination
216,xml
217,setup.py
218,failed-installation
219,text-files
220,line-count
221,mongodb
222,hdf5
223,large-data
224,constants
225,iteration
226,multiple-inheritance
227,mixins
228,measure
229,timeit
230,image-processing
231,cpython
232,debugging
233,pretty-print
234,algorithm
235,duplicates
236,intersection
237,properties
238,http
239,urllib
240,namedtuple
241,assert
242,assertions
243,relative-path
244,chained-assignment
245,functional-programming
246,filter
247,legend
248,django-models
249,python-wheel
250,jpype
251,variables
252,singleton
253,base-class
254,ipython
255,ipython-notebook
256,python-packaging
257,documentation
258,docstring
259,reload
260,math
261,select
262,arrays
263,getter-setter
264,unix-timestamp
265,strftime
266,increment
267,decrement
268,packages
269,mkdir
270,if-statement
271,keyword
272,logical-operators
273,and-operator
274,unique
275,cross-platform
276,home-directory
277,package
278,init
279,division
280,try-except
281,max
282,xrange
283,multiprocessing
284,while-loop
285,do-while
286,directory-structure
287,organization
288,project-structure
289,instantiation
290,literals
291,file-handling
292,hex
293,jit
294,pypy
295,kill
296,terminate
297,shuffle
298,memory-management
299,c
300,haskell
301,erlang
302,set
303,set-difference
304,map-function
305,python-requests
306,urllib2
307,removing-whitespace
308,constructor
309,date
310,boolean-expression
311,matrix
312,syntax-error
313,serialization
314,slots
315,inotify
316,sequence
317,list-manipulation
318,semantics
319,unit-testing
320,packaging
321,distutils
322,distribute
323,glob
324,licensing
325,obfuscation
326,copy-protection
327,encapsulation
328,information-hiding
329,reverse
330,absolute-path
331,binary
332,hostname
333,django-queryset
334,nonetype
335,monkeypatching
336,character-encoding
337,pyenv
338,python-venv
339,linux
340,file-permissions
341,package-managers
342,conda
343,subdirectories
344,directory-tree
345,git
346,command-line
347,command-line-arguments
348,metasyntactic-variable
349,argparse
350,portability
351,username
352,executable
353,iso8601
354,datetime-parsing
355,rfc3339
356,mapping
357,inverse
358,networking
359,testing
360,uuid
361,guid
362,uniqueidentifier
363,rawstring
364,match
365,boolean-logic
366,memory
367,sizeof
368,text-segmentation
369,psycopg2
370,text
371,punctuation
372,wrap
373,flask
374,permutation
375,combinatorics
376,interface
377,abstract-class
378,design-patterns
379,class-design
380,nested-lists
381,mutable
382,file-read
383,csv
384,capitalization
385,capitalize
386,url-encoding
387,private
388,ip-address
389,slug
390,timezone
391,controls
392,signals
393,validation
394,user-input
395,pytz
396,items
397,scheduled-tasks
398,egg
399,int
400,io
401,nonblocking
402,indentation
403,input
404,current-working-directory
405,anaconda
406,stdout
407,buffered
408,case-insensitive
409,tensorflow
410,machine-learning
411,model
412,caching
413,header
414,ubuntu
415,lxml
416,libxml2
417,find
418,wait
419,keyboard-input
420,scripting
421,error-handling
422,code-organization
423,prepend
424,upgrade
425,dynamic-languages
426,arguments
427,immutability
428,boolean
429,command-line-parsing
430,cherrypy
431,terminology
432,unzip
433,transpose
434,infinite
435,infinity
436,assertion
437,raise
438,yaml
439,sockets
440,numpy
441,options
442,output-formatting
443,numpy-ndarray
444,weekday
445,search
446,collections
447,ubuntu-12.04
448,destructor
449,pad
450,diacritics
451,regex
452,system-information
453,file-rename
454,figure
455,django-views
456,getcwd
457,optimization
458,multiplication
459,timer
460,model-view-controller
461,data-access-layer
462,business-logic-layer
463,average
464,reduce
465,ellipsis
466,javascript
467,load
468,ordereddictionary
469,subdirectory
470,encoding
471,utf-8
472,read-eval-print-loop
473,interactive-session
474,euclidean-distance
475,relative
476,import
477,ssh
478,circular-dependency
479,php
480,opencv
481,computer-vision
482,selenium
483,selenium-webdriver
484,webdriver
485,automated-tests
486,break
487,control-flow
488,size
489,pylint
490,pep8
491,pyflakes
492,pychecker
493,string-comparison
494,struct
495,dynamic
496,eval
497,exec
498,with-statement
499,static-files
500,default-value
501,defaultdict
502,simplejson
503,font-size
504,traceback
505,windows-server
506,pdf
507,text-extraction
508,pdf-scraping
509,display
510,column-width
511,chinese-locale
512,delimiter
513,group-by
514,multi-index
515,byte
516,ocr
517,pattern-matching
518,defined
519,error-logging
520,for-loop
521,for-else
522,equivalence
523,camelcasing
524,local
525,delete-directory
526,virtualenv-commands
527,getattr
528,getattribute
529,datetime-format
530,nan
531,exit
532,zipfile
533,image
534,python-imaging-library
535,thumbnails
536,rest
537,ssl
538,sqlalchemy
539,try-catch
540,superclass
541,typeerror
542,compatibility
543,primes
544,console
545,progress
546,updating
547,case-statement
548,language-agnostic
549,reflection
550,inspect
551,scipy
552,genfromtxt
553,vectorization
554,web-services
555,frameworks
556,min
557,memoization
558,numbers
559,soap
560,soap-client
561,argument-passing
562,stack-trace
563,escaping
564,conventions
565,python-3.2
566,dimensions
567,except
568,firefox
569,selenium-firefoxdriver
570,geckodriver
571,combinations
572,string-interpolation
573,language-comparisons
574,sublimetext2
575,sublimetext
576,github
577,requirements.txt
578,jpeg
579,pillow
580,verbosity
581,query-string
582,pythonpath
583,syntax-checking
584,sum
585,werkzeug
586,missing-features
587,alphabet
588,matlab
589,mat-file
590,epoch
591,filehandle
592,colors
593,distinct
594,download
595,stream
596,python-2.6
597,scale
598,logarithm
599,inline
600,python-3.6
601,html
602,pywin32
603,watch
604,exists
605,cyclic-reference
606,associative-array
607,recursion
608,typechecking
609,pycharm
610,timeout
611,parameters
612,metaprogramming
613,operator-overloading
614,many-to-many
615,foreign-key-relationship
616,swap
617,short-circuiting
618,annotations
619,function-definition
620,expression
621,request
622,descriptor
623,deployment
624,clang
625,osx-mavericks
626,cron
627,callable
628,odoo-server
629,enumerate
630,ruby
631,locale
632,ubuntu-11.04
633,clear
634,variable-variables
635,concat
636,suppress-warnings
637,gzip
638,optparse
639,getopt
640,uninstall
641,save
642,sys
643,week-number
644,email
645,smtp
646,gmail
647,pyyaml
648,md5
649,checksum
650,hashlib
651,ctypes
652,cython
653,settings
654,dependency-injection
655,inversion-of-control
656,architecture
657,urllib3
658,kill-process
659,utc
660,localtime
661,sql
662,system
663,cpu
664,status
665,ram
666,openid
667,url
668,urlencode
669,utility
670,language-implementation
671,zip
672,java
673,compiler-construction
674,programming-languages
675,interpreter
676,sanitize
677,c#
678,trigonometry
679,bash
680,axis
681,optional-parameters
682,named-parameters
683,maze
684,shellexecute
685,postgresql
686,sql-insert
687,elapsed
688,case-sensitive
689,global
690,python-nonlocal
691,date-arithmetic
692,statistics
693,mean
694,user-interface
695,tkinter
696,release-management
697,perl
698,sed
699,awk
700,proxy
701,char
702,cryptography
703,number-formatting
704,django-admin
705,modeladmin
706,pep
707,xcode
708,scrapy
709,url-parameters
710,espeak
711,jinja2
712,django-orm
713,popen
714,concurrency
715,ajax
716,daemon
717,output
718,pytest
719,process
720,google-chrome
721,selenium-chromedriver
722,angularjs
723,scalar
724,dictionary-comprehension
725,set-comprehension
726,conditional
727,membership
728,width
729,pipe
730,stringio
731,complexity-theory
732,minimum
733,formatting
734,optional-arguments
735,jupyter-notebook
736,jupyter
737,python-unittest
738,compilation
739,sql-function
740,post
741,timedelta
742,html-entities
743,html-email
744,psycopg
745,nested-function
746,twisted
747,asynchronous
748,null-coalescing-operator
749,uml
750,diagram
751,abstract
752,python-multithreading
753,try-finally
754,attributeerror
755,pivot
756,pandas-groupby
757,pyvmomi
758,pickle
759,variable-assignment
760,variable-declaration
761,flickr
762,backwards-compatibility
763,build-environment
764,put
765,local-variables
766,ldap
767,wildcard
768,directory-listing
769,django-south
770,deep-learning
771,httplib
772,python-2.4
773,language-specifications
774,authentication
775,dom
776,xpath
777,nodes
778,padding
779,probability
780,similarity
781,metric
782,string-matching
783,django-forms
784,apply
785,https
786,phantomjs
787,set-intersection
788,runtimeexception
789,keras
790,lstm
791,gil
792,node.js
793,npm
794,forms
795,continue
796,series
797,xcode7
798,html-content-extraction
799,file-length
800,pool
801,nvidia-titan
802,centos
803,ssl-certificate
804,urldecode
805,temporary-directory
806,orm
807,warnings
808,markdown
809,python-sphinx
810,elementwise-operations
811,strong-typing
812,weak-typing
813,mesh
814,django-shell
815,templates
816,dirname
817,string-length
818,database
819,modulo
820,project-organization
821,readline
822,remap
823,logistic-regression
824,softmax
825,code-snippets
826,filesize
827,parameterized-unit-test
828,autovivification
829,nested
830,decode
831,jvm
832,grayscale
833,webserver
834,tornado
835,gevent
836,type-hinting
837,decimal
838,base64
839,splat
840,screen-scraping
841,intellij-idea
842,weakly-typed
843,vim
844,extraction
845,plugins
846,get
847,subplot
848,colorbar
849,passwords
850,prompt
851,interactive
852,eventlet
853,python-3.3
854,abc
855,base
856,radix
857,csv-import
858,web-crawler
859,urlopen
860,mouse
861,hash
862,columnname
863,counter
864,frequency
865,counting
866,setdefault
867,memory-profiling
868,runtime
869,google-app-engine
870,django-templates
871,config
872,key
873,sudoku
874,python-attrs
875,getproperty
876,byte-order-mark
877,video
878,wxpython
879,animated-gif
880,path-manipulation
881,elements
882,code-completion
883,linked-list
884,partial-application
885,call
886,percentile
887,tail
888,logfiles
889,nameerror
890,repeat
891,subclass
892,binary-search
893,bisection
894,events
895,event-handling
896,dispatcher
897,initialization
898,line
899,sftp
900,python-3.5
901,repository
902,project
903,compiler-errors
904,histogram
905,csrf
906,parent
907,api
908,elasticsearch
909,stack
910,stack-overflow
911,tail-recursion
912,filtering
913,multiple-versions
914,google-cloud-platform
915,tabs
916,space
917,heredoc
918,dll
919,redirect
920,flask-sqlalchemy
921,clipboard
922,scikit-learn
923,deprecated
924,email-validation
925,email-address
926,mime
927,heatmap
928,histogram2d
929,product
930,built-in
931,numeric
932,duck-typing
933,windows-7
934,background-subtraction
935,image-comparison
936,timelapse
937,homebrew
938,r
939,data.table
940,javadoc
941,data-analysis
942,head
943,parallel-processing
944,pelican
945,location
946,floating-accuracy
947,ieee-754
948,in-operator
949,raspberry-pi
950,message
951,smtplib
952,daemons
953,tty
954,code-formatting
955,exit-code
956,contextmanager
957,doctest
958,matrix-multiplication
959,letter
960,classification
961,dependencies
962,requirements
963,operator-precedence
964,debian
965,multipartform-data
966,typing
967,tags
968,sudo
969,osx-yosemite
970,built-in-types
971,heap
972,recursive-datastructures
973,apache
974,cgi
975,wsgi
976,scala
977,apache-spark
978,rdd
979,tokenize
980,apt
981,sorted
982,django-custom-manager
983,hashmap
984,hashtable
985,unix
986,overloading
987,abstract-syntax-tree
988,python-datetime
989,gnuradio
990,spaces
991,tech-chat-ml
992,visual-studio-code
993,boxing
994,sigterm
995,start-stop-daemon
996,pygtk
997,gitignore
998,django-signals
999,timestamp
1000,emacs
1001,pdb
1002,cookies
1003,xml-parsing
1004,html-parsing
1005,pymongo
1006,cluster-analysis
1007,k-means
1008,git-bash
1009,mocking
1010,message-queue
1011,forward-declaration
1012,ordinal-indicator
1013,port
1014,converter
1015,tree
1016,predicate
1017,decompiling
1018,encode
1019,bit-shift
1020,integer-arithmetic
1021,batch-file
1022,lazy-evaluation
1023,late-binding
1024,dataset
1025,lookup
1026,memory-leaks
1027,view
1028,encryption
1029,pycrypto
1030,initialization-vector
1031,thread-safety
1032,queue
1033,fencepost
1034,scp
1035,heroku
1036,compare
1037,memory-address
1038,writer
1039,number-theory
1040,py2exe
1041,goto
1042,delegation
1043,nosetests
1044,arrow-keys
1045,equivalent
1046,rvm
1047,long-integer
1048,regex-group
1049,sqlite
1050,sqlite3
1051,shutil
1052,copytree
1053,share
1054,globals
1055,curl
1056,tee
1057,console-output
1058,datanitro
1059,configparser
1060,data-conversion
1061,tilde
1062,random-seed
1063,ipc
1064,mod-python
1065,gedit
1066,datediff
1067,pycurl
1068,signal-processing
1069,data-processing
1070,working-directory
1071,divide-by-zero
1072,button
1073,submit
1074,python-idle
1075,seaborn
1076,bdd
1077,graphics
1078,ignore
1079,xlrd
1080,content-type
1081,web-scraping
1082,extract
1083,condition
1084,amazon-web-services
1085,boto
1086,boto3
1087,aggregate-functions
1088,xml-namespaces
1089,elementtree
1090,version-control
1091,character
1092,python-multiprocessing
1093,median
1094,django-testing
1095,fabric
1096,automated-deploy
1097,vector
1098,bubble-sort
1099,resize
1100,in-place
1101,django-rest-framework
1102,code-analysis
1103,pydev
1104,override
1105,self-documenting-code
1106,scatter
1107,garbage-collection
1108,word-embedding
1109,natural-language-processing
1110,django-1.7
1111,django-migrations
1112,subtitle
1113,member-variables
1114,self-reference
1115,jenkins
1116,junit
1117,xunit
1118,unique-id
1119,screen
1120,robotics
1121,django-validation
1122,currency
1123,static-analysis
1124,functools
1125,macports
1126,dependency-management
1127,google-api-python-client
1128,ping
1129,icmp
1130,numpy-einsum
1131,custom-function
1132,environment
1133,fibonacci
1134,sequences
1135,file-writing
1136,alignment
1137,numpy-broadcasting
1138,alphabetical
1139,updates
1140,scatter-plot
1141,output-buffering
1142,fsync
1143,python-stackless
1144,file-locking
1145,dump
1146,statsmodels
1147,date-manipulation
1148,database-tuning
1149,hyphen
1150,rpc
1151,uwsgi
1152,nltk
1153,django-debug-toolbar
1154,lapack
1155,blas
1156,cartesian-product
1157,code-generation
1158,env
1159,use-case
1160,equals-operator
1161,excel
1162,circle
1163,strptime
1164,keyboardinterrupt
1165,negation
1166,greenlets
1167,setattr
1168,windows-7-x64
1169,continuous-integration
1170,buildbot
1171,outliers
1172,django-authentication
1173,add
1174,nose
1175,greatest-n-per-group
1176,window-functions
1177,top-n
1178,file-upload
1179,http-post
1180,webapp2
1181,linker
1182,factorization
1183,hyperlink
1184,bytearray
1185,pi
1186,html-encode
1187,string-concatenation
1188,http-request
1189,mingw
1190,translation
1191,hadoop
1192,pyspark
1193,yarn
1194,key-value
1195,callback
1196,neural-network
1197,data-science
1198,octave
1199,linear-algebra
1200,naming
1201,title
1202,restructuredtext
1203,fractions
1204,security
1205,celery
1206,decision-tree
1207,random-forest
1208,declaration
1209,pdf-generation
1210,os.walk
1211,django-modeltranslation
1212,principles
1213,search-engine
1214,inner-classes
1215,anti-patterns
1216,wordnet
1217,http-status-codes
1218,bitwise-operators
1219,string-literals
1220,convolution
1221,conv-neural-network
1222,binding
1223,bulkinsert
1224,mongodb-query
1225,keyboard
1226,http-headers
1227,authorization
1228,hashcode
1229,32bit-64bit
1230,epd-python
1231,data-visualization
1232,information-visualization
1233,host
1234,pca
1235,documentation-generation
1236,mplot3d
1237,normalize
1238,graphviz
1239,pydot
1240,web
1241,freebsd
1242,time-measurement
1243,method-resolution-order
1244,linear-regression
1245,rgb
1246,pixel
1247,member
1248,leading-zero
1249,fft
1250,hough-transform
1251,multiplying
1252,notepad++
1253,express
1254,dsl
1255,ponyorm
1256,exif
1257,nlp
1258,imaplib
1259,protractor
1260,tostring
1261,md5sum
1262,mp3
1263,metadata
1264,git-hash
1265,try-catch-finally
1266,finally
1267,shared-libraries
1268,libcurl
1269,audio
1270,spectrum
1271,nohup
1272,sqrt
1273,curve-fitting
1274,bind
1275,panel
1276,alias
1277,python-mock
1278,memory-footprint
1279,polymorphism
1280,broken-pipe
1281,configuration-files
1282,integer-division
1283,schema-migration
1284,miniconda
1285,syslog
1286,temporary-files
1287,regex-greedy
1288,foreach
1289,function-call
1290,bit-manipulation
1291,ampersand
1292,rhel
1293,trie
1294,mockito
1295,pointers
1296,folding
1297,serial-port
1298,winapi
1299,largenumber
1300,tolist
1301,locking
1302,mutual-exclusion
1303,torch
1304,pytorch
1305,unicode-literals
1306,fold
1307,skip
1308,64bit
1309,template-engine
1310,pyqt
1311,visual-studio-2008
1312,cyclomatic-complexity
1313,exe
1314,instance-variables
1315,amazon-s3
1316,alarm
1317,indices
1318,gunicorn
1319,scientific-computing
1320,.net
1321,ironpython
1322,python.net
1323,findall
1324,cursor
1325,pyspark-sql
1326,itertools
1327,regression
1328,minidom
1329,gps
1330,distance
1331,haversine
1332,bearing
1333,lemmatization
1334,comma
1335,row
1336,equivalence-classes
1337,interpolation
1338,user-agent
1339,python-nose
1340,dialog
1341,filechooser
1342,augmented-assignment
1343,tensor
1344,filepath
1345,siblings
1346,line-by-line
1347,na
1348,xls
1349,geometry
1350,uniform
1351,python-3.4
1352,aiohttp
1353,levenshtein-distance
1354,difflib
1355,convenience-methods
1356,platform-independent
1357,chmod
1358,one-time-password
1359,google-authenticator
1360,mechanize
1361,distribution
1362,set-operations
1363,f-string
1364,n-gram
1365,readfile
1366,cors
1367,scientific-notation
1368,facebook
1369,httpresponse
1370,scheduler
1371,gensim
1372,word2vec
1373,memcached
1374,archlinux
1375,redis
1376,internationalization
1377,collation
1378,eclipse
1379,clojure
1380,window
1381,shared-memory
1382,soappy
1383,zsi
1384,iphone
1385,ruby-on-rails
1386,web-frameworks
1387,django-settings
1388,binary-data
1389,preserve
1390,eof
1391,stop-words
1392,graphite
1393,django-1.6
1394,caret
1395,bidi
1396,pygame
1397,class-attributes
1398,mode
1399,infinite-loop
1400,batch-rename
1401,mod-wsgi
1402,robots.txt
1403,apache-spark-sql
1404,selenium-rc
1405,file-association
1406,overwrite
1407,visual-studio
1408,visual-c++
1409,grid
1410,migration
1411,data-migration
1412,mime-types
1413,xml-deserialization
1414,pid
1415,ftp
1416,ftp-server
1417,gpu
1418,service
1419,lisp
1420,django-urls
1421,django-1.10
1422,d3.js
1423,graph-tool
1424,profiler
1425,printf
1426,numerical-methods
1427,deep-copy
1428,sas
1429,cocoa-touch
1430,array-merge
1431,addition
1432,canonical-quickly
1433,modem
1434,pyserial
1435,xsd
1436,iterable-unpacking
1437,argument-unpacking
1438,geocoding
1439,geo
1440,geography
1441,permissions
1442,access-modifiers
1443,automation
1444,rpath
1445,nbconvert
1446,dataformat
1447,pprint
1448,zlib
1449,httprequest
1450,circular-buffer
1451,pyqt4
1452,jsonlines
1453,logic
1454,open-source
1455,nunjucks
1456,graphing
1457,autodoc
1458,plotly
1459,scikits
1460,client-server
1461,xmpp
1462,websocket
1463,iso
1464,bytecode
1465,google-maps
1466,curvesmoothing
1467,active-directory
1468,stanford-nlp
1469,django-generic-views
1470,function-parameter
1471,dns
1472,scilab
1473,models
1474,wav
1475,audio-recording
1476,testcase
1477,cidr
1478,title-case
1479,cygwin
1480,non-ascii-characters
1481,django-aggregation
1482,skype
1483,web2py
1484,protocol-buffers
1485,artificial-intelligence
1486,autocomplete
1487,rpy2
1488,image-manipulation
1489,tesseract
1490,binary-tree
1491,ubuntu-16.04
1492,runtime-error
1493,python-asyncio
1494,generator-expression
1495,bots
1496,whatsapp
1497,resolution
1498,paramiko
1499,mutability
1500,opengl
1501,pyopengl
1502,svg
1503,rendering
1504,cairo
1505,breadth-first-search
1506,thread-local
1507,side-effects
1508,readability
1509,code-readability
1510,verification
1511,parentheses
1512,photo
1513,multicast
1514,registry
1515,shared
1516,docker
1517,session
1518,build-automation
1519,notation
1520,shorthand
1521,compound-assignment
1522,absolute-value
1523,django-manage.py
1524,manage.py
1525,wget
1526,django-celery
1527,fortran
1528,modulus
1529,complex-numbers
1530,multiple-return-values
1531,django-permissions
1532,valueerror
1533,accessibility
1534,blind
1535,blindness
1536,embarrassingly-parallel
1537,django-q
1538,html-lists
1539,pyperclip
1540,message-passing
1541,chomp
1542,dockerfile
1543,django-inheritance
1544,character-properties
1545,information-extraction
1546,python-dateutil
1547,alpine
1548,kerberos
1549,aggregate
1550,microbenchmark
1551,compression
1552,travis-ci
1553,ipdb
1554,clamp
1555,cosine-similarity
1556,brackets
1557,backticks
1558,data-extraction
1559,identification
1560,imghdr
1561,sortedlist
1562,screenshot
1563,dynamic-arrays
1564,non-printable
1565,oauth-2.0
1566,google-api
1567,coordinates
1568,gnuplot
1569,transparency
1570,ios
1571,software-distribution
1572,swig
1573,quicksort
1574,tarfile
1575,hasattr
1576,standard-deviation
1577,apachebench
1578,ini
1579,implode
1580,depth
1581,tree-traversal
1582,color-mapping
1583,return-type
1584,activestate
1585,activepython
1586,stable-sort
1587,corpus
1588,cmd
1589,normalization
1590,openfiledialog
1591,capture
1592,pandas-fillna
1593,django-class-based-views
1594,inclusion
1595,pybrain
1596,connection
1597,errno
1598,http-host
1599,imshow
1600,subfolder
1601,variadic-functions
1602,default-parameters
1603,malformedurlexception
1604,number-rounding
1605,subset
1606,reset
1607,refresh
1608,progress-bar
1609,lexical-closures
1610,vi
1611,tensorboard
1612,skflow
1613,windows-vista
1614,uac
1615,http-error
1616,dir
1617,bad-request
1618,brew-doctor
1619,sys.path
1620,derived-class
1621,birthday-paradox
1622,epsilon
1623,access-denied
1624,information-retrieval
1625,tf-idf
1626,fixtures
1627,pyinstaller
1628,doxygen
1629,login
1630,openpyxl
1631,foreign-keys
1632,one-to-one
1633,localization
1634,python-egg-cache
1635,bpython
1636,django-1.2
1637,internals
1638,rotation
1639,http-status-code-404
1640,confidence-interval
1641,buildout
1642,qt
1643,qt-designer
1644,continuous
1645,option
1646,chatbot
1647,widget
1648,correlation
1649,tab-completion
1650,haml
1651,twitter-bootstrap
1652,hashable
1653,ubuntu-14.04
1654,monthcalendar
1655,date-math
1656,network-programming
1657,routes
1658,insert
1659,first-class-functions
1660,delete-row
1661,networkx
1662,png
1663,rgba
1664,multicore
1665,equals
1666,response
1667,python-rq
1668,c++11
1669,base62
1670,time-series
1671,atom-editor
1672,listdir
1673,entities
1674,codec
1675,web-hosting
1676,sigpipe
1677,admin
1678,h5py
1679,httpclient
1680,webautomation
1681,sendmail
1682,pyramid
1683,diskspace
1684,intellisense
1685,refcounting
1686,language-lawyer
1687,django-1.3
1688,textbox
1689,relative-import
1690,sax
1691,mercurial
1692,debhelper
1693,suds
1694,libdc1394
1695,partitioning
1696,sql-order-by
1697,google-sheets
1698,google-sheets-api
1699,pylons
1700,iframe
1701,frame
1702,salt
1703,keyboard-events
1704,nginx
1705,digital-filter
1706,shapes
1707,bind-variables
1708,pyquery
1709,initialization-list
1710,one-hot-encoding
1711,dynamic-typing
1712,nested-loops
1713,spyder
1714,aspect-ratio
1715,build
1716,private-members
1717,private-methods
1718,ipython-magic
1719,threshold
1720,thrift
1721,pyside
1722,numerical
1723,graph-theory
1724,text-processing
1725,pdfminer
1726,server
1727,scons
1728,function-pointers
1729,django-custom-tags
1730,django-1.8
1731,segmentation-fault
1732,ffmpeg
1733,x264
1734,range-checking
1735,camera
1736,refactoring
1737,google-colaboratory
1738,osx-lion
1739,currying
1740,micro-optimization
1741,user-defined
1742,aws-kms
1743,pytables
1744,os.system
1745,django-middleware
1746,unittest2
1747,for-in-loop
1748,code-cleanup
1749,git-review
1750,wave
1751,os.path
1752,hidden-files
1753,python-daemon
1754,systemd
1755,linestyle
1756,rpm
1757,is-empty
1758,symbols
1759,dalvik
1760,qr-code
1761,zxing
1762,zbar
1763,buffer
1764,fastcgi
1765,method-dispatch
1766,language-details
1767,amazon-ec2
1768,overlapping
1769,y-combinator
1770,ucs2
1771,date-range
1772,query-parameters
1773,streamreader
1774,webrequest
1775,sortedset
1776,sortedmap
1777,twitter
1778,hide
1779,ps
1780,image-conversion
1781,file-organization
1782,language-interoperability
1783,tab-delimited-text
1784,resampling
1785,line-endings
1786,vim-syntax-highlighting
1787,code-folding
1788,flask-login
1789,task
1790,prime-factoring
1791,xml-serialization
1792,localhost
1793,zeromq
1794,http-status-code-403
1795,tcp
1796,bucket
1797,reshape
1798,system-calls
1799,prefix
1800,capturing-group
1801,turbogears
1802,axes
1803,sieve-of-eratosthenes
1804,openssl
1805,ubuntu-12.10
1806,django-wsgi
1807,left-join
1808,neuroscience
1809,aws-lambda
1810,reference-counting
1811,label
1812,osx-snow-leopard
1813,ansible
1814,3d
1815,suse
1816,http-status-code-429
1817,css
1818,weighted
1819,tar
1820,qt5
1821,pyqt5
1822,move
1823,blocking
1824,argh
1825,grammar
1826,qthread
1827,vfs
1828,sni
1829,deprecation-warning
1830,stl
1831,mutex
1832,finance
1833,tabular
1834,visual-studio-2010
1835,jquery
1836,factory
1837,celery-task
1838,backend
1839,readonly
1840,labels
1841,annotate
1842,integration
1843,standard-library
1844,instances
1845,sparse-matrix
1846,google-cloud-endpoints
1847,pyodbc
1848,accumulate
1849,matrix-inverse
1850,quotes
1851,double-quotes
1852,dynamic-programming
1853,insertion
1854,export
1855,initializer
1856,idiomatic
1857,text-to-speech
1858,tox
1859,include-path
1860,implicit
1861,firefox-headless
1862,pass-by-value
1863,linear-programming
1864,glpk
1865,integer-programming
1866,flask-extensions
1867,assignment-operator
1868,alembic
1869,boolean-operations
1870,client-side
1871,yield-from
1872,brython
1873,transcrypt
1874,rapydscript
1875,cprofile
1876,development-environment
1877,static-typing
1878,celeryd
1879,blender
1880,coordinate-transformation
1881,django-widget
1882,instance
1883,import-from-excel
1884,dynamic-import
1885,spark-dataframe
1886,missing-data
1887,numpy-slicing
1888,ordereddict
1889,smp
1890,alpha
1891,grep
1892,xss
1893,autodiscovery
1894,custom-attributes
1895,pyopenssl
1896,virtual-method
1897,scanf
1898,procfs
1899,word
1900,seek
1901,object-comparison
1902,pydoc
1903,osx-elcapitan
1904,webpage
1905,qprinter
1906,next
1907,django-2.0
1908,chunking
1909,attachment
1910,multipart
1911,negative-number
1912,iis
1913,last-occurrence
1914,utf-16
1915,webcam
1916,browser
1917,skulpt
1918,opencl
1919,root
1920,privileges
1921,apache2
1922,hosting
1923,digits
1924,sign
1925,sympy
1926,growl
1927,stringbuffer
1928,pyrserve
1929,pyper
1930,startswith
1931,staging
1932,python-db-api
1933,zero-pad
1934,choicefield
1935,angle
1936,upload
1937,pymssql
1938,which
1939,any
1940,fink
1941,tiff
1942,monitoring
1943,deque
1944,set-union
1945,meteor
1946,anonymous-function
1947,callstack
1948,extreme-programming
1949,traversal
1950,tqdm
1951,wtforms
1952,gis
1953,latitude-longitude
1954,cross-domain
1955,seed
1956,marshalling
1957,sql-server
1958,asp.net-mvc-2
1959,limits
1960,shelve
1961,object-serialization
1962,executable-jar
1963,forecasting
1964,docutils
1965,bottle
1966,arduino
1967,kivy
1968,robotframework
1969,xlwt
1970,django-syncdb
1971,syncdb
1972,fuzzy-comparison
1973,streaming
1974,pandas-datareader
1975,gradient-descent
1976,putty
1977,thread-local-storage
1978,selection
1979,ftplib
1980,symlink
1981,ends-with
1982,django-staticfiles
1983,workflow
1984,border
1985,event-loop
1986,bidirectional
1987,django-unittest
1988,linq
1989,oauth
1990,xslt
1991,persistent
1992,remote-debugging
1993,resources
1994,lex
1995,generic-programming
1996,screen-resolution
1997,bash-completion
1998,macros
1999,django-users
2000,django-contrib
2001,ffi
2002,netstat
2003,libmemcached
2004,django-sites
2005,geodjango
2006,preprocessor
2007,directive
2008,themes
2009,wrapper
2010,subscript
2011,kcachegrind
2012,ternary
2013,dplyr
2014,pipeline
2015,python-2to3
2016,exponentiation
2017,transactions
2018,mnist
2019,defaults
2020,conditional-expressions
2021,docker-compose
2022,words
2023,redhat
2024,libjpeg
2025,command-line-interface
2026,python-textprocessing
2027,aes
2028,crop
2029,face-detection
2030,xor
2031,cx-freeze
2032,log4j
2033,mako
2034,basehttpserver
2035,google-search-api
2036,twos-complement
2037,timing
2038,ucd
2039,large-files
2040,mustache
2041,go
2042,lru
2043,views
2044,stopiteration
2045,future-proof
2046,finalizer
2047,headless-browser
2048,database-connection
2049,inlines
2050,f2py
2051,yum
2052,maps
2053,boxplot
2054,state-machine
2055,virtual
2056,locals
2057,zombie-process
2058,zipline
2059,textblob
2060,persistence
2061,libraries
2062,memoryview
2063,square-bracket
2064,coverage.py
2065,python-coverage
2066,icalendar
2067,url-for
2068,julia
2069,longest-substring
2070,communicate
2071,template-method-pattern
2072,cuda
2073,theano
2074,hg-git
2075,dulwich
2076,omnicomplete
2077,data-mining
2078,resuming-training
2079,socks
2080,supervisord
2081,grouping
2082,chown
2083,clock
2084,systemexit
2085,race-condition
2086,enthought
2087,token
2088,hp-ux
2089,exp
2090,charts
2091,bar-chart
2092,document
2093,vsm
2094,tk
2095,data-partitioning
2096,eol
2097,diff
2098,bloom-filter
2099,explorer
2100,async-await
2101,rabbitmq
2102,nuke
2103,migrate
2104,classname
2105,single-sign-on
2106,apache-spark-ml
2107,os.execl
2108,platform-detection
2109,google-cloud-datastore
2110,sql-injection
2111,powerset
2112,evernote
2113,archive
2114,sentiment-analysis
2115,silent
2116,protected
2117,collectstatic
2118,strict
2119,containers
2120,app-store
2121,py2app
2122,rpython
2123,mkstemp
2124,fdopen
2125,hypothesis-test
2126,throw
2127,selenium-ide
2128,duration
2129,microphone
2130,analysis
2131,tor
2132,embedding
2133,pinax
2134,mencoder
2135,digit-separator
2136,sha1
2137,titlebar
2138,komodo
2139,pywin
2140,conditional-statements
2141,union
2142,python-social-auth
2143,markers
2144,dictionary-missing
2145,logfile
2146,period
2147,bayesian
2148,youtube-dl
2149,w3c
2150,handler
2151,inspection
2152,chat
2153,google-talk
2154,netcdf
2155,dead-code
2156,tweepy
2157,intel-mkl
2158,powershell
2159,focus
2160,ptvs
2161,aabb
2162,shift
2163,socket.io
2164,windows-10
2165,atlas
2166,text-parsing
2167,prepared-statement
2168,nameservers
2169,emscripten
2170,webassembly
2171,imputation
2172,patch
2173,formset
2174,cleaned-data
2175,shapely
2176,tuple-packing
2177,package-management
2178,recv
2179,raw-input
2180,octal
2181,mypy
2182,arithmetic-expressions
2183,imagemagick
2184,ms-word
2185,openxml
2186,docx
2187,fluent-interface
2188,pymysql
2189,jar
2190,django-1.1
2191,installer
2192,django-file-upload
2193,django-uploads
2194,pypdf
2195,http-head
2196,execfile
2197,anonymous-types
2198,reverse-lookup
2199,fig
2200,natural-logarithm
2201,normal-distribution
2202,mean-square-error
2203,file-type
2204,decompression
2205,reentrancy
2206,mongoengine
2207,drag-and-drop
2208,windows-explorer
2209,django-nonrel
2210,posix
2211,rowname
2212,sublimetext3
2213,openmp
2214,scrollbar
2215,class-constants
2216,difference
2217,state
2218,destructuring
2219,contour
2220,wordpress
2221,random-sample
2222,desktop
2223,notifications
2224,cross-compiling
2225,circular-reference
2226,session-cookies
2227,elasticsearch-bulk-api
2228,makefile
2229,autotools
2230,structure
2231,forwarding
2232,lines
2233,ampps
2234,covariance
2235,subquery
2236,rewrite
2237,this
2238,http-authentication
2239,moving-average
2240,new-operator
2241,in-memory-database
2242,mmap
2243,rubygems
2244,html-form
2245,python-sockets
2246,2d
2247,roc
2248,fsm
2249,public-key
2250,openerp
2251,svm
2252,syntactic-sugar
2253,actor
2254,empty-class
2255,calendar
2256,odata
2257,xgboost
2258,sift
2259,surf
2260,export-to-csv
2261,ansi-escape
2262,centering
2263,tdd
2264,ip
2265,zsh
2266,google-drive-sdk
2267,google-apps
2268,atomic
2269,checkbox
2270,juggernaut
2271,centos5
2272,julian-date
2273,minify
2274,external-process
2275,boost-python
2276,bytesio
2277,python-extensions
2278,alertdialog
2279,window-handles
2280,zero
2281,upsert
2282,hash-collision
2283,units-of-measurement
2284,pyglet
2285,xvfb
2286,openai-gym
2287,django-serializer
2288,file-descriptor
2289,ioerror
2290,editing
2291,big-o
2292,pyaudio
2293,final
2294,outlook
2295,filefield
2296,axis-labels
2297,sha256
2298,field-names
2299,perl6
2300,raku
2301,facebook-oauth
2302,operator-keyword
2303,pypyodbc
2304,dispatch
2305,bit-fields
2306,bitarray
2307,diagonal
2308,elevated-privileges
2309,cross-language
2310,credentials
2311,aws-cli
2312,sqlalchemy-migrate
2313,geolocation
2314,objective-c
2315,cocoa
2316,media
2317,blurry
2318,lines-of-code
2319,amazon
2320,zodb
2321,database-design
2322,relationship
2323,named-entity-recognition
2324,airflow
2325,openerp-7
2326,django-static
2327,gettext
2328,builder-pattern
2329,communication
2330,interprocess
2331,pika
2332,scikit-image
2333,pygraphviz
2334,middleware
2335,embedded-language
2336,text-classification
2337,keras-layer
2338,delimiter-separated-values
2339,foreman
2340,observer-pattern
2341,python-embedding
2342,urlparse
2343,access-token
2344,cron-task
2345,numexpr
2346,ubuntu-10.10
2347,where-in
2348,get-request
2349,fonts
2350,list-comparison
2351,declarative
2352,activation-function
2353,urlfetch
2354,internal
2355,volume
2356,mysql-connector
2357,multilabel-classification
2358,keep-alive
2359,celerybeat
2360,inline-functions
2361,tab-delimited
2362,valgrind
2363,java-annotations
2364,voronoi
2365,call-graph
2366,recursive-regex
2367,bigdata
2368,doc2vec
2369,palindrome
2370,string-conversion
2371,crosstab
2372,shortcut
2373,import-from-csv
2374,flask-migrate
2375,listener
2376,scoping
2377,last-modified
2378,split-apply-combine
2379,dendrogram
2380,python-importlib
2381,canvas
2382,functional-testing
2383,acceptance-testing
2384,cloud
2385,pydrive
2386,flow-control
2387,embedded
2388,parent-child
2389,code-structure
2390,buffering
2391,redis-cli
2392,google-chrome-os
2393,chromebook
2394,python-click
2395,postgresql-8.4
2396,oracle
2397,cx-oracle
2398,generics
2399,parallel-coordinates
2400,backslash
2401,keydown
2402,getch
2403,glibc
2404,default-arguments
2405,f#
2406,desktop-application
2407,application-settings
2408,trace
2409,boost
2410,qt4
2411,shallow-copy
2412,urlconf
2413,url-pattern
2414,pyparsing
2415,one-hot
2416,psyco
2417,entity-relationship
2418,mobile-website
2419,html5
2420,tomcat
2421,fuzzy-search
2422,spelling
2423,aix
2424,longest-prefix
2425,decompiler
2426,pysqlite
2427,mysql-connector-python
2428,truncate
2429,django-piston
2430,rmdir
2431,rosetta
2432,simulation
2433,wikipedia
2434,frame-rate
2435,restful-architecture
2436,hmac
2437,semicolon
2438,mapreduce
2439,keyboard-shortcuts
2440,pagination
2441,facilities
2442,watchdog
2443,hierarchical
2444,google-custom-search
2445,nppexec
2446,cmake
2447,filenotfoundexception
2448,latex
2449,data-uri
2450,truthiness
2451,multiple-arguments
2452,signature
2453,pyfacebook
2454,inner-join
2455,dropbox
2456,extension-methods
2457,latency
2458,prefetch
2459,speech-recognition
2460,less
2461,amazon-cloudfront
2462,full-text-search
2463,lucene
2464,ferret
2465,subdomain
2466,element
2467,file-not-found
2468,draggable
2469,data-binding
2470,xsd2code
2471,photoshop
2472,names
2473,configure
2474,genetic-algorithm
2475,webview
2476,store
2477,embedded-database
2478,neo4j
2479,control-structure
2480,nice
2481,ulimit
2482,zope
2483,backbone.js
2484,xlsx
2485,piracy-prevention
2486,triggers
2487,categorical-data
2488,upstart
2489,monit
2490,osx-mountain-lion
2491,imaging
2492,anonymous-class
2493,sql-server-2008
2494,figures
2495,fork
2496,setuid
2497,scrape
2498,appdata
2499,pyobjc
2500,basehttprequesthandler
2501,ansible-2.x
2502,polygons
2503,background
2504,hashbang
2505,primary-key
2506,wsdl
2507,principal-components
2508,collatz
2509,favicon
2510,reserved-words
2511,datetime64
2512,mersenne-twister
2513,sass
2514,pythonbrew
2515,one-to-many
2516,travel-time
2517,matplotlib-basemap
2518,overflow
2519,esb
2520,amqp
2521,dill
2522,connection-pooling
2523,podcast
2524,music
2525,poker
2526,django-managers
2527,centroid
2528,dask
2529,python-interactive
2530,modbus
2531,windows-8
2532,tastypie
2533,suffix
2534,hive
2535,diffie-hellman
2536,rc4-cipher
2537,braces
2538,fopen
2539,disk-based
2540,flake8
2541,gdal
2542,floor
2543,ggplot2
2544,sunburst-diagram
2545,cumulative-sum
2546,botocore
2547,exchange-server
2548,mapi
2549,cdo.message
2550,file-manager
2551,tkinter-canvas
2552,rss
2553,feedparser
2554,hudson
2555,path-finding
2556,dry
2557,composite
2558,database-relations
2559,temp
2560,sigint
2561,formencode
2562,toscawidgets
2563,melt
2564,grequests
2565,method-signature
2566,condition-variable
2567,distributed-computing
2568,object-to-string
2569,threadpool
2570,reactjs
2571,create-react-app
2572,design-by-contract
2573,x11
2574,xlib
2575,unsupervised-learning
2576,high-speed-computing
2577,dng
2578,dcraw
2579,pygobject
2580,hidden-markov-models
2581,apache-spark-mllib
2582,joblib
2583,rope
2584,ropemacs
2585,pymacs
2586,postgresql-9.3
2587,multiple-variable-return
2588,ordinals
2589,osx-leopard
2590,report
2591,powerpc
2592,gdb
2593,coordinate-systems
2594,predict
2595,pow
2596,six-python
2597,unicode-escapes
2598,erase
2599,perspective
2600,python-elixir
2601,endianness
2602,command-prompt
2603,xmlhttprequest
2604,python-3.7
2605,python-dataclasses
2606,zenity
2607,ibm-cloud
2608,pysftp
2609,cordova
2610,intersect
2611,interop
2612,piecewise
2613,recarray
2614,eigenvalue
2615,referer
2616,dst
2617,where
2618,httplib2
2619,ms-access
2620,text-mining
2621,string-parsing
2622,floor-division
2623,user-experience
2624,object-dumper
2625,code-translation
2626,coredump
2627,literate-programming
2628,noweb
2629,evolutionary-algorithm
2630,channel-api
2631,floating-point-precision
2632,sql-parametrized-query
2633,href
2634,bcrypt
2635,libffi
2636,object-literal
2637,lua
2638,code-golf
2639,sha
2640,saltedhash
2641,native
2642,spacy
2643,argv
2644,repetition
2645,xhtml
2646,blogs
2647,human-readable
2648,humanize
2649,video-streaming
2650,createfile
2651,rsyslog
2652,usb
2653,python-bindings
2654,pivot-table
2655,file-storage
2656,django-1.9
2657,autoresize
2658,sampling
2659,edit-in-place
2660,filedialog
2661,intervals
2662,polygon
2663,point
2664,weak-references
2665,partial-classes
2666,shlex
2667,spatial
2668,decoupling
2669,system-tray
2670,shadowing
2671,virtual-serial-port
2672,bpgsql
2673,mirroring
2674,import-csv
2675,windows-subsystem-for-linux
2676,void
2677,true-type-fonts
2678,information-theory
2679,caffe
2680,motion-detection
2681,loc
2682,githooks
2683,magicmock
2684,action
2685,pthreads
2686,green-threads
2687,wrapping
2688,textwrapping
2689,bits
2690,bitcount
2691,parallel-python
2692,groovy
2693,pop3
2694,xcode5.1
2695,animation
2696,quit
2697,subtraction
2698,equation
2699,django-allauth
2700,scroll
2701,field
2702,six
2703,tooltip
2704,python-behave
2705,building
2706,gtk
2707,gtk3
2708,tensorflow-datasets
2709,software-quality
2710,code-coverage
2711,subsampling
2712,edge-detection
2713,image-segmentation
2714,wiimote
2715,innerhtml
2716,a-star
2717,ui-automation
2718,redmine
2719,jvm-languages
2720,timespan
2721,monads
2722,database-migration
2723,tix
2724,dummy-variable
2725,cmp
2726,social-networking
2727,theory
2728,aptana
2729,bayesian-networks
2730,sidebar
2731,eclipse-cdt
2732,pipenv
2733,auto-generate
2734,pony
2735,curses
2736,cv2
2737,geany
2738,zope.interface
2739,nvidia
2740,flask-restful
2741,object-detection
2742,multiple-instances
2743,locked
2744,user-warning
2745,python-docx
2746,p2p
2747,bittorrent
2748,maya
2749,pymel
2750,mask
2751,area
2752,web-development-server
2753,partial-ordering
2754,global-namespace
2755,instance-method
2756,single-dispatch
2757,vlookup
2758,google-chrome-headless
2759,ipv4
2760,.bash-profile
2761,auto-update
2762,bamboo
2763,non-deterministic
2764,llvm
2765,unladen-swallow
2766,mahout
2767,pty
2768,invert
2769,x86
2770,strncmp
2771,const
2772,const-correctness
2773,integration-testing
2774,ramdisk
2775,singleinstance
2776,discovery
2777,url-routing
2778,sql-update
2779,virtual-environment
2780,python-os
2781,cell
2782,prototype
2783,wiktionary
2784,data-fitting
2785,indexof
2786,rfc822
2787,word-cloud
2788,color-space
2789,grandchild
2790,cpu-cores
2791,opencv3.0
2792,pragma
2793,negate
2794,tex
2795,scapy
2796,echo-server
2797,load-testing
2798,data-cleansing
2799,pyobject
2800,hierarchical-clustering
2801,nosql
2802,django-nose
2803,quine
2804,amazon-dynamodb
2805,enterprise
2806,windows-xp
2807,raw-sockets
2808,routing
2809,representation
2810,explicit
2811,keypress
2812,detect
2813,multiprocess
2814,mlab
2815,pymongo-3.x
2816,large-data-volumes
2817,astronomy
2818,mobile
2819,filehandler
2820,cyclic
2821,api-design
2822,blackberry
2823,windows-mobile
2824,phpmyadmin
2825,breakpoints
2826,effect
2827,fetchall
2828,xlsxwriter
2829,spring-tool-suite
2830,shortcuts
2831,non-recursive
2832,protocols
2833,email-headers
2834,not-operator
2835,entropy
2836,password-protection
2837,lexical-analysis
2838,uniform-distribution
2839,bytestring
2840,usergroups
2841,dynamic-function
2842,sql-like
2843,elasticsearch-py
2844,arcpy
2845,runpy
2846,glade
2847,gtk2
2848,hierarchical-data
2849,file-browser
2850,telegram
2851,tagging
2852,startup
2853,copy-paste
2854,sharing
2855,word-diff
2856,string-split
2857,vision
2858,http-patch
2859,vba
2860,projects
2861,user-defined-types
2862,texinfo
2863,feature-selection
2864,incognito-mode
2865,factorial
2866,prediction
2867,registration
2868,profile
2869,mathematical-optimization
2870,batch-processing
2871,spring-batch
2872,alexa-skills-kit
2873,bootstrapping
2874,prolog
2875,logic-programming
2876,cometd
2877,optics-algorithm
2878,libreoffice
2879,opendocument
2880,windows-controls
2881,domain-driven-design
2882,nsis
2883,mapnik
2884,stata
2885,computational-geometry
2886,memory-leak-detector
2887,mex
2888,processing
2889,bokeh
2890,supervised-learning
2891,sublimerepl
2892,pycairo
2893,devserver
2894,default
2895,cluster-computing
2896,sage
2897,point-in-polygon
2898,image-capture
2899,javacv
2900,hour
2901,intellij-plugin
2902,binary-search-tree
2903,uptime
2904,cut
2905,lazy-loading
2906,itunes
2907,use-strict
2908,exponent
2909,django-database
2910,detection
2911,coercion
2912,rtf
2913,django-upgrade
2914,odoo
2915,inline-if
2916,pie-chart
2917,mysql-error-2003
2918,limit
2919,vacuum
2920,plotly-dash
2921,jmespath
2922,json-path-expression
2923,destroy
2924,webhooks
2925,std
2926,weibull
2927,kalman-filter
2928,setinterval
2929,hard-drive
2930,serial-number
2931,fcntl
2932,apache-storm
2933,program-structure
2934,denormalization
2935,todo
2936,string-to-datetime
2937,ttk
2938,m2crypto
2939,unsigned-integer
2940,com
2941,crystal-reports
2942,activex
2943,hashset
2944,platform
2945,dtd
2946,rake
2947,feature-detection
2948,cgi-bin
2949,emacs24
2950,google-openid
2951,gmail-api
2952,linguistics
2953,kernel
2954,vbscript
2955,gpgpu
2956,lda
2957,topic-modeling
2958,collaborative-filtering
2959,endpoints-proto-datastore
2960,protorpc
2961,toggle
2962,convex-hull
2963,windows64
2964,linear
2965,execution
2966,string-evaluation
2967,web.py
2968,ssh-keys
2969,serializable
2970,cassandra
2971,dynamo-local
2972,application-data
2973,common-files
2974,popup
2975,magic-function
2976,profanity
2977,rfc5322
2978,pos-tagger
2979,install-requires
2980,fractals
2981,django-apps
2982,cross-validation
2983,telnet
2984,python-tesseract
2985,tinyurl
2986,short-url
2987,tfrecord
2988,quoting
2989,passenger
2990,dreamhost
2991,facebook-login
2992,double
2993,slash
2994,reportlab
2995,xml.etree
2996,public-key-encryption
2997,gnupg
2998,pgp
2999,directory-traversal
3000,symlink-traversal
3001,pageobjects
3002,youtube
3003,vtk
3004,mayavi
3005,import-module
3006,revision
3007,django-auth-ldap
3008,organized
3009,curve
3010,boilerplate
3011,specifications
3012,concurrent.futures
3013,api-key
3014,publish-subscribe
3015,comet
3016,solr
3017,lint
3018,pymc
3019,mcmc
3020,django-i18n
3021,multiple-columns
3022,categories
3023,sanitization
3024,text-editor
3025,evaluation
3026,cdf
3027,dynamic-linking
3028,pyelasticsearch
3029,plone
3030,google-docs
3031,google-docs-api
3032,gdata-python-client
3033,google-voice
3034,rfc2822
3035,core
3036,apscheduler
3037,xampp
3038,webstorm
3039,word-wrap
3040,substitution
3041,rsa
3042,resultset
3043,raii
3044,parquet
3045,blaze
3046,django-haystack
3047,gradient
3048,synthesis
3049,weather
3050,temperature
3051,calculated-columns
3052,venn-diagram
3053,matplotlib-venn
3054,future
3055,trendline
3056,kdtree
3057,django-email
3058,django-errors
3059,social-graph
3060,gui-builder
3061,precision-recall
3062,transform
3063,wiki
3064,markup
3065,stored-procedures
3066,regex-lookarounds
3067,post-install
3068,sl4a
3069,win64
3070,scene
3071,windows-installer
3072,mutators
3073,function-composition
3074,unsigned-long-long-int
3075,antialiasing
3076,gitpython
3077,recurrent-neural-network
3078,gnome
3079,gnome-3
3080,wayland
3081,word-frequency
3082,sublist
3083,sweave
3084,haproxy
3085,chi-squared
3086,sequential
3087,systray
3088,tray
3089,position
3090,syntax-highlighting
3091,gmp
3092,pdflatex
3093,order-of-execution
3094,win32com
3095,ranking
3096,browser-automation
3097,common-lisp
3098,number-sequence
3099,ceiling
3100,filterfunction
3101,recycle-bin
3102,regression-testing
3103,test-suite
3104,zipcode
3105,id3
3106,albumart
3107,pyscripter
3108,stackexchange-api
3109,emoji
3110,wxwidgets
3111,coordinate
3112,closest
3113,word-count
3114,frequency-distribution
3115,regex-negation
3116,prettify
3117,gz
3118,syntastic
3119,luigi
3120,capture-group
3121,assign
3122,user-management
3123,implicit-conversion
3124,doc
3125,emr
3126,aop
3127,formatter
3128,newforms
3129,object-identity
3130,alsa
3131,qml
3132,qt-quick
3133,loading
3134,scheduling
3135,etl
3136,directed-acyclic-graphs
3137,oozie
3138,scraper
3139,flask-script
3140,xpi
3141,subcommand
3142,x509
3143,key-management
3144,call-flow
3145,anova
3146,x-sendfile
3147,protected-resource
3148,google-chrome-extension
3149,amazon-cognito
3150,c-api
3151,rasterizing
3152,linux-kernel
3153,tablet
3154,pydroid
3155,wkhtmltopdf
3156,xsl-fo
3157,python-pdfkit
3158,freetype
3159,scaling
3160,standardized
3161,isinstance
3162,device
3163,cwd
3164,backport
3165,bzip2
3166,bit
3167,google-analytics
3168,lipo
3169,geospatial
3170,connected-components
3171,elastic-beanstalk
3172,image-scaling
3173,cdn
3174,legend-properties
3175,letters
3176,voting
3177,django-blob
3178,python-trio
3179,curio
3180,naivebayes
3181,signals-slots
3182,flask-cache
3183,telegram-bot
3184,overlay
3185,rsync
3186,abort
3187,glyph
3188,key-bindings
3189,django-sessions
3190,google-play
3191,order-of-evaluation
3192,algebra
3193,ms-office
3194,python-unittest.mock
3195,installation-package
3196,datetimeoffset
3197,data-munging
3198,diamond-problem
3199,setter
3200,getter
3201,pcap
3202,branch.io
3203,array-difference
3204,pixels
3205,html5lib
3206,scaffolding
3207,irc
3208,twitch
3209,qlineedit
3210,cross-correlation
3211,deserialization
3212,hue
3213,marker
3214,facebook-graph-api
3215,bitset
3216,customization
3217,windowserror
3218,jsonschema
3219,urlsplit
3220,autocmd
3221,glib
3222,pyz
3223,keyword-argument
3224,graph-algorithm
3225,traveling-salesman
3226,decimal-point
3227,libusb
3228,cisco
3229,facebook-authentication
3230,wildcard-subdomain
3231,server-push
3232,draw
3233,restriction
3234,sklearn-pandas
3235,user-profile
3236,flash-message
3237,midi
3238,dummy-data
3239,ipywidgets
3240,placeholder
3241,uid
3242,quantile
3243,matrix-indexing
3244,rethinkdb
3245,keylistener
3246,qcombobox
3247,nth-root
3248,simulate
3249,cluster-mode
3250,rundeck
3251,iis-6
3252,isapi-wsgi
3253,visibility
3254,hardware
3255,goroutine
3256,producer-consumer
3257,google-calendar-api
3258,exuberant-ctags
3259,image-formats
3260,nano
3261,geojson
3262,sap
3263,abap
3264,user-defined-functions
3265,biginteger
3266,mat
3267,amazon-ses
3268,sdist
3269,avro
3270,synchronization
3271,sinatra
3272,python-install
3273,control-characters
3274,vector-graphics
3275,turtle-graphics
3276,udp
3277,icons
3278,ncurses
3279,urwid
3280,subclassing
3281,ls
3282,ply
3283,excel-vba
3284,rspec
3285,syslog-ng
3286,firefox-addon
3287,timsort
3288,algebraic-data-types
3289,translate
3290,polynomial-math
3291,error-correction
3292,galois-field
3293,reed-solomon
3294,html-table
3295,dangling-pointer
3296,nfa
3297,portaudio
3298,tcl
3299,apache-spark-1.6
3300,google-apps-marketplace
3301,rhel6
3302,stemming
3303,auto-indent
3304,ghostdriver
3305,row-removal
3306,copying
3307,sliding-window
3308,edit
3309,pcre
3310,orange
3311,libsvm
3312,arcgis-js-api
3313,proj4js
3314,freetds
3315,pyzmq
3316,discord
3317,discord.py
3318,matching
3319,edit-distance
3320,coin-flipping
3321,pseudocode
3322,netcat
3323,offline
3324,method-chaining
3325,cumsum
3326,stdvector
3327,pexpect
3328,argmax
3329,long-polling
3330,imagefield
3331,tzinfo
3332,user-friendly
3333,crontab
3334,sin
3335,solaris
3336,rar
3337,ziparchive
3338,auditing
3339,instrumentation
3340,menu
3341,binning
3342,stub
3343,epub
3344,ibooks
3345,mouseevent
3346,deconvolution
3347,pathlib
3348,python-cffi
3349,setattribute
3350,type-safety
3351,dirichlet
3352,copyright-display
3353,render
3354,apt-get
3355,data-cleaning
3356,iis-modules
3357,spss
3358,demorgans-law
3359,mechanize-python
3360,indic
3361,wcf
3362,priority-queue
3363,fftw
3364,fifo
3365,mkfifo
3366,least-squares
3367,credit-card
3368,payment
3369,certificate
3370,accessor
3371,cas
3372,asp.net-mvc
3373,ubuntu-13.10
3374,rubymotion
3375,beam-search
3376,consistency
3377,imap
3378,bisect
3379,relationships
3380,scrapyd
3381,embed
3382,typename
3383,proxy-classes
3384,sandbox
3385,google-analytics-api
3386,oauth2client
3387,shape
3388,bouncycastle
3389,elliptic-curve
3390,emacs23
3391,versions
3392,perf
3393,instruments
3394,xcode-instruments
3395,onclick
3396,google-admin-sdk
3397,dot-product
3398,include
3399,kdevelop
3400,aws-sdk
3401,ownership
3402,rackspace
3403,cloudfiles
3404,modelform
3405,macos-carbon
3406,keyerror
3407,points
3408,expandoobject
3409,socketserver
3410,hdfs
3411,basic-authentication
3412,discrete-mathematics
3413,nmake
3414,integral
3415,target
3416,lnk
3417,fuzzywuzzy
3418,ubuntu-server
3419,odbc
3420,sql-server-express
3421,foxpro
3422,dbf
3423,visual-foxpro
3424,msgpack
3425,redis-py
3426,jetbrains
3427,date-formatting
3428,tsql
3429,alerts
3430,macropy
3431,directory-walk
3432,language-theory
3433,abbreviation
3434,percent-encoding
3435,np-complete
3436,knapsack-problem
3437,spatial-interpolation
3438,kriging
3439,voip
3440,sip
3441,trixbox
3442,triangulation
3443,numba
3444,fullscreen
3445,setlocale
3446,multi-level
3447,y2k
3448,2-digit-year
3449,e-commerce
3450,satchmo
3451,minimize
3452,dynamic-class-loaders
3453,dft
3454,kernel-density
3455,throttling
3456,rate-limiting
3457,speech-to-text
3458,fragment-identifier
3459,function-calls
3460,openshift
3461,extra
3462,db2
3463,factory-method
3464,stateful
3465,testdrivendesign
3466,pyusb
3467,modularity
3468,software-design
3469,connection-timeout
3470,bloomberg
3471,blpapi
3472,spiral
3473,python-descriptors
3474,memory-model
3475,child-process
3476,flask-jwt
3477,google-cloud-sql
3478,amazon-ebs
3479,rpyc
3480,case
3481,depth-first-search
3482,demoscene
3483,sublime-text-plugin
3484,differential-equations
3485,finite-element-analysis
3486,fipy
3487,assimulo
3488,appkit
3489,reverse-engineering
3490,3d-model
3491,ios5
3492,patsy
3493,running-total
3494,swift
3495,peewee
3496,whitelist
3497,require
3498,basic
3499,window-management
3500,sql-server-2012
3501,vm-implementation
3502,processor
3503,interrupt
3504,client
3505,webdav
3506,ocaml
3507,html-parser
3508,dna-sequence
3509,tcp-port
3510,qlikview
3511,qliksense
3512,divmod
3513,mox
3514,rethrow
3515,varnish
3516,auto-increment
3517,memory-safety
3518,gpio
3519,sdl
3520,django-contenttypes
3521,fqdn
3522,semantic-web
3523,owl
3524,log-files
3525,salt-stack
3526,gaussian
3527,app-engine-ndb
3528,djangoappengine
3529,last.fm
3530,connection-string
3531,banking
3532,onlinebanking
3533,django-filter
3534,directed-graph
3535,feather
3536,pyarrow
3537,knn
3538,inter-process-communicat
3539,single-table-inheritance
3540,appcelerator
3541,formula
3542,ansible-playbook
3543,removeall
3544,dyld
3545,executable-path
3546,stretch
3547,quote
3548,bezier
3549,pageload
3550,drive
3551,solaris-10
3552,bioinformatics
3553,abstract-methods
3554,ode
3555,shoutcast
3556,overlap
3557,lockfile
3558,graph-drawing
3559,tracking
3560,object-model
3561,filereader
3562,reverse-proxy
3563,epydoc
3564,cookielib
3565,classpath
3566,grid-search
3567,wine
3568,scheme
3569,configobj
3570,.htaccess
3571,continuations
3572,http-get
3573,saas
3574,static-code-analysis
3575,re2
3576,deadlock
3577,layout
3578,interface-design
3579,delegates
3580,adaboost
3581,wpf
3582,minimum-spanning-tree
3583,unique-ptr
3584,gantt-chart
3585,qpython
3586,concept
3587,cpu-cache
3588,string.format
3589,tensorflow-serving
3590,bufferedreader
3591,lego
3592,code-documentation
3593,numerical-stability
3594,contourf
3595,sparse-array
3596,unbuffered-output
3597,locks
3598,probability-density
3599,odoo-10
3600,odoo-view
3601,nested-forms
3602,reinstall
3603,live-streaming
3604,ip-camera
3605,mjpeg
3606,textmate
3607,finder
3608,sine
3609,economics
3610,django-filters
3611,cakephp
3612,yii
3613,connect
3614,file-attributes
3615,glog
3616,pem
3617,sml
3618,reserved
3619,interactive-mode
3620,definition
3621,manytomanyfield
3622,verbose
3623,url-parsing
3624,openstack
3625,catch-all
3626,sample
3627,signal-handling
3628,vagrant
3629,virtualbox
3630,line-intersection
3631,virtual-machine
3632,julian
3633,method-overriding
3634,manifest
3635,levels
3636,commenting
3637,object-persistence
3638,hang
3639,svn
3640,precompiled
3641,cqlsh
3642,bpy
3643,clip
3644,enumeration
3645,soundcard
3646,backpropagation
3647,factory-boy
3648,pythonxy
3649,partial
3650,gearman
3651,drop-table
3652,buildpack
3653,puzzle
3654,pythonanywhere
3655,string-interning
3656,stocks
3657,biopython
3658,suffix-tree
3659,menubar
3660,sequence-diagram
3661,transparent
3662,peek
3663,truststore
3664,contextmenu
3665,cp1251
3666,x86-64
3667,numpy-random
3668,python-collections
3669,autobahn
3670,hamming-distance
3671,delphi
3672,lazarus
3673,surrogate-pairs
3674,intranet
3675,paste
3676,brute-force
3677,python-3.8
3678,python-assignment-expression
3679,cartopy
3680,geos
3681,bitbucket
3682,language-history
3683,gui-testing
3684,pyvirtualdisplay
3685,io-redirection
3686,hstore
3687,imp
3688,self-contained
3689,recovery
3690,frontend
3691,aio-write
3692,visitor
3693,number-recognition
3694,gmail-imap
3695,django-1.5
3696,snappy
3697,google-closure-templates
3698,pgrouting
3699,dropbox-api
3700,variance
3701,mtp
3702,real-time
3703,genetic-programming
3704,smartcard
3705,http-status-code-401
3706,github-api
3707,sphinx-napoleon
3708,scoring
3709,read-the-docs
3710,gstreamer
3711,gnonlin
3712,api-doc
3713,django-swagger
3714,sorl-thumbnail
3715,mergesort
3716,mariadb
3717,quotations
3718,derived
3719,variable-length
3720,prefixes
3721,duplicate-removal
3722,igraph
3723,pandas-to-sql
3724,shapefile
3725,margins
3726,natsort
3727,static-media
3728,prototyping
3729,python-sip
3730,street-address
3731,wechat
3732,impersonation
3733,wifi
3734,bonjour
3735,adhoc
3736,nonlinear-functions
3737,styles
3738,paypal
3739,csh
3740,xml-rpc
3741,gobject
3742,xargs
3743,viterbi
3744,gcc-4.2
3745,playback
3746,noise
3747,line-numbers
3748,django-registration
3749,unicode-normalization
3750,django-cms
3751,dbus
3752,create-directory
3753,asp.net
3754,asp.net-ajax
3755,atomicity
3756,channel
3757,pypdf2
3758,skin
3759,substr
3760,django-login
3761,children
3762,color-scheme
3763,viridis
3764,method-missing
3765,mass-assignment
3766,b-tree
3767,momentjs
3768,processing-efficiency
3769,porting
3770,sensor
3771,pykalman
3772,fedora-21
3773,qlayout
3774,pyd
3775,kaggle
3776,pythonw
3777,resolver
3778,apache-zeppelin
3779,operands
3780,http-status
3781,tail-call-optimization
3782,infix-notation
3783,docopt
3784,background-process
3785,deferred
3786,google-nativeclient
3787,irb
3788,variable-names
3789,pytest-django
3790,shopify
3791,simultaneous
3792,simultaneous-calls
3793,document-conversion
3794,docsplit
3795,physics
3796,anti-join
3797,webkit
3798,ion
3799,atexit
3800,paster
3801,leap-second
3802,repository-pattern
3803,couchdb
3804,loess
3805,generic-foreign-key
3806,enumerator
3807,docbook
3808,gevent-socketio
3809,xterm
3810,javascript-injection
3811,mpi
3812,database-deadlocks
3813,pybuffer
3814,pep3118
3815,facebook-opengraph
3816,eigenvector
3817,spline
3818,cad
3819,opencascade
3820,mtom
3821,pgbouncer
3822,mint
3823,python-ggplot
3824,readonly-attribute
3825,dicom
3826,medical
3827,system-administration
3828,mousewheel
3829,database-schema
3830,standards
3831,libs
3832,aggregation
3833,read-write
3834,greatest-common-divisor
3835,xcode4
3836,emmet
3837,fallback
3838,masking
3839,non-english
3840,web-deployment
3841,filestream
3842,unified-diff
3843,arima
3844,gamma-distribution
3845,carriage-return
3846,montecarlo
3847,crc
3848,qlistwidget
3849,symbolic-math
3850,bidirectional-relation
3851,login-script
3852,in-memory
3853,elf
3854,dwarf
3855,centos6
3856,scrapy-spider
3857,google-crawlers
3858,svd
3859,transformation
3860,click
3861,exploit
3862,alphanumeric
3863,convention
3864,recipe
3865,rounding-error
3866,arbitrary-precision
3867,gpl
3868,spam-prevention
3869,flask-wtforms
3870,iterparse
3871,history
3872,sysadmin
3873,qhull
3874,stubs
3875,amortized-analysis
3876,postgresql-9.2
3877,msysgit
3878,z-order
3879,spring-mvc
3880,receiver
3881,fedora
3882,rdata
3883,magnet-uri
3884,echo
3885,motion
3886,wolfram-mathematica
3887,stat
3888,graph-visualization
3889,sql-loader
3890,moviepy
3891,pycaffe
3892,fastq
3893,tabbing
3894,ntlm
3895,browser-cache
3896,jsonb
3897,captcha
3898,floating-point-conversion
3899,select-for-update
3900,code-reuse
3901,setenv
3902,twitter-streaming-api
3903,gimp
3904,gimpfu
3905,class-members
3906,bson
3907,discover
3908,pagerank
3909,hook
3910,abstract-base-class
3911,nearest-neighbor
3912,closest-points
3913,pyspider
3914,procfile
3915,pass-by-name
3916,elisp
3917,distributed
3918,c-standard-library
3919,osc
3920,linuxmint
3921,dockerpy
3922,django-profiles
3923,feed
3924,json-rpc
3925,pytesser
3926,jdbc
3927,performance-testing
3928,sharding
3929,quartz-scheduler
3930,gcloud
3931,command-line-tool
3932,parameterized-query
3933,drawtext
3934,iterm2
3935,libvlc
3936,code-hinting
3937,swagger
3938,openstack-swift
3939,cran
3940,graph-databases
3941,business-intelligence
3942,publish
3943,static-members
3944,slider
3945,pitch-tracking
3946,audio-analysis
3947,q-learning
3948,bsxfun
3949,libclang
3950,autoit
3951,structured-array
3952,taskbar
3953,gdata-api
3954,minecraft
3955,matrix-factorization
3956,sms
3957,amazon-sns
3958,empty-list
3959,clarifai
3960,assembly
3961,composition
3962,subtract
3963,calculator
3964,dynamic-language-runtime
3965,uno
3966,asyncore
3967,let
3968,apple-push-notifications
3969,watchman
3970,schema
3971,google-search
3972,deep-dream
3973,policy
3974,lookahead
3975,instance-methods
3976,plyr
3977,webtest
3978,dev-to-production
3979,lock-in
3980,libssl
3981,codeskulptor
3982,static-html
3983,imagesource
3984,sections
3985,linear-interpolation
3986,django-grappelli
3987,maximize
3988,lexicographic
3989,lexicographic-ordering
3990,equation-solving
3991,permission-denied
3992,openssh
3993,remote-execution
3994,degrees
3995,exponential
3996,strncpy
3997,apache-airflow
3998,mahotas
3999,broadcast
4000,dbscan
4001,saml
4002,saml-2.0
4003,shibboleth
4004,terrain
4005,pug
4006,factory-pattern
4007,colormap
4008,django-select-related
4009,ceil
4010,encryption-asymmetric
4011,gtktreeview
4012,scrolledwindow
4013,project-management
4014,pisa
4015,line-plot
4016,database-indexes
4017,cycle
4018,stride
4019,slack-api
4020,slack
4021,vmware
4022,vispy
4023,language-model
4024,adb
4025,part-of-speech
4026,gif
4027,scripting-language
4028,analytics
4029,special-characters
4030,apache-beam
4031,jupyter-lab
4032,qwidget
4033,xml-validation
4034,member-functions
4035,non-member-functions
4036,grails
4037,geopandas
4038,erp
4039,dabo
4040,google-style-guide
4041,murmurhash
4042,reactor
4043,fortran-iso-c-binding
4044,openfst
4045,server-side-scripting
4046,tensorflow-estimator
4047,p-value
4048,q-value
4049,quickfix
4050,url-rewriting
4051,apache-nifi
4052,plpython
4053,mojibake
4054,spawn
4055,bold
4056,vcr
4057,pkg-resources
4058,voice-recognition
4059,speech
4060,environment-modules
4061,openoffice.org
4062,odf
4063,odfpy
4064,remote-access
4065,downloading
4066,software-update
4067,filesystemwatcher
4068,freebase
4069,coveralls
4070,applet
4071,bigtable
4072,libtorrent
4073,cstringio
4074,constraints
4075,gwt
4076,cmusphinx
4077,nsstring
4078,release
4079,file-format
4080,google-code
4081,win32gui
4082,linear-probing
4083,canopy
4084,collision-detection
4085,defunct
4086,pattern-recognition
4087,hindi
4088,jwt
4089,mingw-w64
4090,heap-memory
4091,autoformatting
4092,memory-efficient
4093,numpy-ufunc
4094,digital-ocean
4095,ddd-debugger
4096,http-put
4097,hotswap
4098,flask-socketio
4099,stateless
4100,geoip
4101,goodness-of-fit
4102,tramp
4103,django-channels
4104,graphql
4105,togglebutton
4106,turbogears2
4107,dbn
4108,google-cloud-storage
4109,google-compute-engine
4110,round-robin
4111,low-latency
4112,django-timezone
4113,musicbrainz
4114,referrer
4115,jsonresponse
4116,apache-kafka
4117,kafka-consumer-api
4118,kafka-python
4119,delta
4120,django-compressor
4121,blit
4122,py4j
4123,stackedbarseries
4124,backgrounding
4125,elasticsearch-curator
4126,task-queue
4127,background-thread
4128,conflict
4129,ldap-query
4130,cname
4131,dig
4132,django-cache
4133,ubuntu-10.04
4134,lighttable
4135,qtcore
4136,downgrade
4137,tkinter-entry
4138,tkmessagebox
4139,filemtime
4140,objectify
4141,sendkeys
4142,visual-studio-2015
4143,build-error
4144,compiler-optimization
4145,tryparse
4146,binaryfiles
4147,recursive-descent
4148,labview
4149,payment-gateway
4150,authorize.net
4151,tld
4152,cjk
4153,uri
4154,python-twitter
4155,netbeans
4156,bins
4157,graphic
4158,pycassa
4159,layer
4160,django-1.4
4161,bundle
4162,cookiejar
4163,shutdown
4164,pygsl
4165,yahoo
4166,lossless-compression
4167,velocity
4168,versioning
4169,semantic-versioning
4170,geopy
4171,qstk
4172,wand
4173,listview
4174,fontforge
4175,bounding
4176,mac-address
4177,autofield
4178,training-data
4179,keras-2
4180,fieldlist
4181,amazon-rds
4182,boost-build
4183,sigkill
4184,supervisor
4185,geographic-distance
4186,inproc
4187,pst
4188,headless
4189,rpmbuild
4190,rpm-spec
4191,flask-restless
4192,jekyll
4193,liquid
4194,pygments
4195,django-commands
4196,gui-toolkit
4197,content-management-system
4198,multilingual
4199,neovim
4200,apk
4201,genealogy
4202,gedcom
4203,unixodbc
4204,unique-constraint
4205,pearson
4206,mingw32
4207,schemaless
4208,multiclass-classification
4209,django-autocomplete-light
4210,video-capture
4211,color-depth
4212,invalidoperationexception
4213,rust
4214,aws-api-gateway
4215,windows-1252
4216,cp1252
4217,multi-user
4218,separator
4219,openstreetmap
4220,multilanguage
4221,flask-session
4222,django-admin-filters
4223,reverse-iterator
4224,bareword
4225,backup
4226,windows-services
4227,bower
4228,iif-function
4229,berkeley-db
4230,tcpserver
4231,moose
4232,summarization
4233,google-api-client
4234,xquery
4235,django-cache-machine
4236,css-selectors
4237,lxml.html
4238,wireshark
4239,packet-sniffers
4240,subgraph
4241,relational-database
4242,ford-fulkerson
4243,getelementbyid
4244,crc32
4245,bulk
4246,datagrid
4247,antlr
4248,antlr4
4249,memory-consumption
4250,cublas
4251,django-oscar
4252,http-proxy
4253,cache-control
4254,avahi
4255,marshmallow
4256,pmml
4257,knime
4258,textmatebundles
4259,multiset
4260,listbox
4261,google-bigquery
4262,rules
4263,gunzip
4264,text-widget
4265,conditional-compilation
4266,react-native
4267,modal-dialog
4268,sasl
4269,komodoedit
4270,truthtable
4271,django-media
4272,treeview
4273,variable-length-array
4274,lmdb
4275,vlc
4276,mutual-authentication
4277,qdialog
4278,qfiledialog
4279,reindex
4280,notin
4281,test-reporting
4282,rtos
4283,qnx
4284,internet-explorer
4285,cross-browser
4286,webfaction
4287,transliteration
4288,pyephem
4289,maxlength
4290,cscope
4291,linecache
4292,python-watchdog
4293,poisson
4294,iqr
4295,npm-install
4296,django-csrf
4297,bitmap
4298,spell-checking
4299,django-taggit
4300,patching
4301,mathematical-expressions
4302,vscode-settings
4303,autosave
4304,assertraises
4305,iceweasel
4306,pam
4307,py-amqplib
4308,gradle
4309,music-notation
4310,datefield
4311,bank
4312,clr
4313,boo
4314,django-pagination
4315,flask-security
4316,backreference
4317,cnc
4318,winreg
4319,ironpython-studio
4320,pygal
4321,webbrowser-control
4322,object-storage
4323,data-science-experience
4324,lazy-initialization
4325,static-variables
4326,alert
4327,google-maps-api-3
4328,recaptcha
4329,hover
4330,spawning
4331,result
4332,surface
4333,shadow-dom
4334,pythonnet
4335,mathjax
4336,boxlayout
4337,pysolr
4338,sentry
4339,raven
4340,ipython-parallel
4341,colorama
4342,simulator
4343,waf
4344,build-tools
4345,hsv
4346,rdbms
4347,volume-rendering
4348,simplecv
4349,mercurial-hook
4350,order
4351,bs4
4352,htop
4353,windows-8.1
4354,smoothing
4355,qtableview
4356,dta
4357,bulbs
4358,pager
4359,jsonpickle
4360,error-reporting
4361,topological-sort
4362,electron
4363,electron-builder
4364,django-cors-headers
4365,.net-remoting
4366,postgresql-9.1
4367,bin
4368,deobfuscation
4369,camera-calibration
4370,xhtml2pdf
4371,date-conversion
4372,pycuda
4373,unary-operator
4374,code-editor
4375,overhead
4376,python-antigravity
4377,crf
4378,amazon-sqs
4379,digest-authentication
4380,proxy-server
4381,mime-message
4382,lldb
4383,newrelic
4384,firewall
4385,barcode-scanner
4386,commit
4387,iso-8859-1
4388,piping
4389,asn.1
4390,django-filebrowser
4391,flock
4392,flymake
4393,payment-processing
4394,jedi-vim
4395,bulk-load
4396,pack
4397,eye-detection
4398,django-multiwidget
4399,pyautogui
4400,hyde
4401,cardinality
4402,identicon
4403,sitemap
4404,ubuntu-unity
4405,appindicator
4406,treeset
4407,autoload
4408,python-huey
4409,launcher
4410,pulseaudio
4411,interactive-shell
4412,alexa
4413,alexa-voice-service
4414,query-optimization
4415,leaflet
4416,folium
4417,out-of-memory
4418,cryptoapi
4419,playing-cards
4420,amazon-emr
4421,fortran90
4422,client-certificates
4423,serverside-javascript
4424,address-sanitizer
4425,cache-invalidation
4426,centralized
4427,ideavim
4428,batch-normalization
4429,projection
4430,cudnn
4431,rdp
4432,flask-admin
4433,mutation-testing
4434,rounded-corners
4435,ecdsa
4436,odoo-9
4437,qgraphicsview
4438,tumblr
4439,mvvm
4440,architectural-patterns
4441,vue.js
4442,django-multilingual
4443,text-analysis
4444,invalid-characters
4445,tui
4446,geometry-surface
4447,ubuntu-9.04
4448,adjacency-matrix
4449,llvm-gcc
4450,webclient
4451,higher-order-functions
4452,parrot
4453,color-tracking
4454,keystroke
4455,pandasql
4456,python-mode
4457,significant-digits
4458,modifier-key
4459,three.js
4460,cyclone
4461,path-separator
4462,norm
4463,sqlobject
4464,file-copying
4465,perforce
4466,appdynamics
4467,unicode-string
4468,password-encryption
4469,oracle11g
4470,sync
4471,delimited
4472,email-client
4473,cstring
4474,shortest-path
4475,dijkstra
4476,dllimport
4477,tensorflow-gpu
4478,django-storage
4479,ragged
4480,forever
4481,ipad
4482,delaunay
4483,lcs
4484,build-process
4485,timezone-offset
4486,osqa
4487,rdf
4488,rasa-nlu
4489,google-plus
4490,pylintrc
4491,url-mapping
4492,django-template-filters
4493,htmlunit
4494,new-window
4495,pgm
4496,postgis
4497,laravel
4498,sh
4499,edge
4500,weight
4501,reddit
4502,sharepoint
4503,sharepoint-2013
4504,ntfs
4505,hfs+
4506,magic-constants
4507,python-cryptography
4508,accumulator
4509,cloud-hosting
4510,paas
4511,bibtex
4512,lenny
4513,slurm
4514,financial
4515,rank
4516,dto
4517,heuristics
4518,stochastic
4519,ssh-tunnel
4520,service-discovery
4521,cloudant
4522,google-geocoding-api
4523,template-variables
4524,django-management-command
4525,isnull
4526,eager-loading
4527,dht
4528,httr
4529,active-window
4530,map
4531,trading
4532,data-scrubbing
4533,adobe-illustrator
4534,eps
4535,acid
4536,dynamic-cast
4537,wia
4538,hgrc
4539,dotfiles
4540,long-running-processes
4541,openembedded
4542,bitbake
4543,handlers
4544,mediawiki
4545,wikipedia-api
4546,mediawiki-api
4547,wikimedia-dumps
4548,system-testing
4549,bounding-box
4550,verlet-integration
4551,time-precision
4552,fuzzy
4553,type-inference
4554,feature-extraction
4555,shell-extensions
4556,d
4557,reproducible-research
4558,graphicsmagick
4559,nonce
4560,bitbucket-api
4561,navigation
4562,bitflags
4563,python-requests-html
4564,amazon-iam
4565,business-logic
4566,np
4567,conways-game-of-life
4568,esky
4569,denial-of-service
4570,udev
4571,treemap
4572,apache-tika
4573,tikz
4574,flash
4575,populate
4576,oauth-provider
4577,pathos
4578,google-cloud-vision
4579,text-recognition
4580,blending
4581,color-blending
4582,python-performance
4583,pyopencl
4584,kde
4585,traits
4586,chaco
4587,spidermonkey
4588,entry-point
4589,nuitka
4590,dropzone.js
4591,ethernet
4592,raw-ethernet
4593,lsof
4594,highlight
4595,audio-streaming
4596,robustness
4597,legacy
4598,twisted.internet
4599,selinux
4600,promise
4601,dash
4602,robocode
4603,django-mptt
4604,mptt
4605,event-based-programming
4606,anonymous
4607,ontology
4608,arabic
4609,intrusion-detection
4610,word-boundary
4611,southeast-asian-languages
4612,cursors
4613,azure
4614,fax
4615,android-activity
4616,google-spreadsheet-api
4617,google-app-engine-python
4618,int128
4619,multi-tenant
4620,distributed-system
4621,composite-primary-key
4622,recommendation-engine
4623,stochastic-process
4624,fitness
4625,upx
4626,dask-distributed
4627,caesar-cipher
4628,ansible-galaxy
4629,url-shortener
4630,indexoutofboundsexception
4631,macos-sierra
4632,software-packaging
4633,innodb
4634,process-management
4635,resource-files
4636,objgraph
4637,tcpdump
4638,algorithmic-trading
4639,colon-equals
4640,collocation
4641,admin-rights
4642,frozenset
4643,orthogonal
4644,system-shutdown
4645,excel-2007
4646,cpu-usage
4647,alphabetical-sort
4648,format-conversion
4649,unit-conversion
4650,scgi
4651,centos7
4652,short
4653,page-numbering
4654,line-profiler
4655,wlst
4656,python-2.2
4657,dnspython
4658,webpage-screenshot
4659,integer-math
4660,nonlinear-optimization
4661,pubnub
4662,twython
4663,exitstatus
4664,rule
4665,enchant
4666,google-chrome-devtools
4667,pluralize
4668,palette
4669,anagram
4670,owner
4671,tornado-motor
4672,constraint-programming
4673,stringbuilder
4674,unused-variables
4675,eclipse-plugin
4676,m2eclipse
4677,msbuild
4678,misaka
4679,rm
4680,google-cloud-datalab
4681,multiprocessor
4682,hung
4683,minimax
4684,tic-tac-toe
4685,sse
4686,mfc
4687,crash
4688,httpie
4689,cytoscape
4690,data-importer
4691,analog-digital-converter
4692,integer-partition
4693,stock
4694,rnn
4695,graphlab
4696,lets-encrypt
4697,http-status-code-503
4698,goslate
4699,windows-console
4700,termcolor
4701,xlutils
4702,puppet
4703,load-data-infile
4704,libevent
4705,in-app-purchase
4706,stringtemplate
4707,junction
4708,pudb
4709,tunnel
4710,qlabel
4711,train-test-split
4712,postfix-mta
4713,nose2
4714,z3
4715,z3py
4716,codeblocks
4717,blog-engine
4718,soapheader
4719,typescript
4720,arff
4721,iptables
4722,whoosh
4723,jasmine
4724,gradients
4725,django-deployment
4726,debug-symbols
4727,descendant
4728,semantic-markup
4729,datagram
4730,django-comments
4731,postgresql-copy
4732,sdk
4733,python-ldap
4734,sendfile
4735,tagged-corpus
4736,ascii-art
4737,suid
4738,python-curses
4739,node-gyp
4740,adobe
4741,wavelet
4742,csr
4743,keyrelease
4744,xgettext
4745,zabbix
4746,hbase
4747,stargate
4748,pydub
4749,inequality
4750,mezzanine
4751,bluetooth
4752,rfcomm
4753,bluez
4754,clique
4755,numerical-integration
4756,creation
4757,jvectormap
4758,snmp
4759,net-snmp
4760,pysnmp
4761,fdb
4762,show
4763,pc104
4764,dpapi
4765,json-deserialization
4766,reactive-programming
4767,vbe
4768,m4a
4769,chromium
4770,samtools
4771,pysam
4772,sniffer
4773,grand-central-dispatch
4774,hamming-numbers
4775,interfacing
4776,precedence
4777,dynamic-data
4778,bc
4779,dc
4780,c++-standard-library
4781,script-debugging
4782,ableton-live
4783,fastparquet
4784,nameko
4785,multiple-processes
4786,choropleth
4787,gitlab
4788,mattermost
4789,mprotect
4790,computer-science
4791,docker-image
4792,angular
4793,spacemacs
4794,monitor
4795,statsd
4796,sorteddictionary
4797,cortana-intelligence
4798,azure-machine-learning
4799,fuzzing
4800,eigen
4801,fortran95
4802,fortran2003
4803,flower
4804,man
4805,template-matching
4806,satchless
4807,point-of-sale
4808,epson
4809,thermal-printer
4810,gitattributes
4811,operationalerror
4812,convex-optimization
4813,cvxopt
4814,gensym
4815,mqtt
4816,pkcs#7
4817,memory-pool
4818,import-hooks
4819,accelerometer
4820,safaridriver
4821,selenium3
4822,qscintilla
4823,lark-parser
4824,safari
4825,pyatom
4826,frp
4827,django-countries
4828,markov-chains
4829,veewee
4830,string-math
4831,ranking-functions
4832,markov-models
4833,hmmlearn
4834,bluetooth-lowenergy
4835,peripherals
4836,bleno
4837,ebay-api
4838,slowdown
4839,sgml
4840,kinect
4841,openni
4842,escp
4843,amazon-redshift
4844,django-import-export
4845,system.reactive
4846,rx-py
4847,bin-packing
4848,google-visualization
4849,allocation
4850,gmm
4851,appium
4852,appium-ios
4853,python-appium
4854,libreadline
4855,image-stitching
4856,brainfuck
4857,blob
4858,password-recovery
4859,gnome-terminal
4860,opencv-contrib
4861,max-pooling
4862,applescript
4863,module-packaging
4864,handle
4865,enumerable
4866,str-replace
4867,generate-series
4868,drawing
4869,mouse-pointer
4870,pyfits
4871,nas
4872,shared-folders
4873,mbox
4874,trial
4875,xcode4.5
4876,latin1
4877,scrapy-pipeline
4878,locust
4879,polymodel
4880,reverse-dns
4881,audio-processing
4882,bit.ly
4883,olap
4884,javabeans
4885,cobertura
4886,django-mssql
4887,dereference
4888,digital-certificate
4889,flags
4890,qdatetime
4891,memcpy
4892,square-root
4893,jscompress
4894,code-migration
4895,pybind11
4896,blur
4897,highcharts
4898,pyro
4899,teamcity
4900,office-2007
4901,dlib
4902,g++
4903,modeling
4904,nested-resources
4905,datatables
4906,natural-sort
4907,mutagen
4908,zeroconf
4909,slugify
4910,data-manipulation
4911,delimited-text
4912,hosted
4913,wamp
4914,fileinfo
4915,offset
4916,jxta
4917,ieee
4918,decoding
4919,push-notification
4920,heapsort
4921,requestcontext
4922,private-key
4923,divide
4924,setsockopt
4925,lift
4926,guitar
4927,htmlspecialchars
4928,regularized
4929,digest
4930,format-specifiers
4931,mcrypt
4932,xml-attribute
4933,livereload
4934,date-format
4935,testbed
4936,lookup-tables
4937,job-queue
4938,hid
4939,metrics
4940,spark-streaming
4941,outlook-2010
4942,worksheet
4943,x11-forwarding
4944,livecoding
4945,xmp
4946,event-driven
4947,as-keyword
4948,hebrew
4949,key-value-store
4950,openmpi
4951,pygithub
4952,minimization
4953,unit-of-work
4954,associativity
4955,hdfstore
4956,program-files
4957,disassembly
4958,dynamic-loading
4959,beagleboneblack
4960,persian-calendar
4961,jira
4962,hilbert-curve
4963,cql
4964,http-status-code-405
4965,raster
4966,login-required
4967,intercept
4968,simplexmlrpcserver
4969,xmlrpclib
4970,umask
4971,user-roles
4972,multiple-users
4973,fatal-error
4974,hybrid
4975,isbn
4976,gnu
4977,contenttypes
4978,vps
4979,tarjans-algorithm
4980,router
4981,opencv-contour
4982,ensemble-learning
4983,executor
4984,arp
4985,wireframe
4986,flat-file
4987,package-structuring
4988,ipv6
4989,exams
4990,associations
4991,object-database
4992,git-submodules
4993,integer-overflow
4994,raspbian
4995,nfs
4996,named-pipes
4997,qvariant
4998,deb
4999,cpack
5000,ctags
5001,gpx
5002,aggregation-framework
5003,7zip
5004,machine-translation
5005,polar-coordinates
5006,messagebroker
5007,image-recognition
5008,loss-function
5009,generative-adversarial-network
5010,sigmoid
5011,syntaxnet
5012,parsey-mcparseface
5013,sframe
5014,sslhandshakeexception
5015,cubic-spline
5016,ms-access-2013
5017,error-code
5018,quantlib
5019,jnlp
5020,low-level
5021,tcsh
5022,optionmenu
5023,webdev.webserver
5024,circos
5025,dataflow
5026,frames
5027,parents
5028,cvs
5029,django-geoposition
5030,pymc3
5031,complex-event-processing
5032,django-related-manager
5033,cedar
5034,yuv
5035,visual-studio-2013
5036,minesweeper
5037,arm
5038,squish
5039,frequency-analysis
5040,beta
5041,binomial-theorem
5042,youtube-api
5043,youtube-api-v3
5044,google-oauth
5045,text-rendering
5046,devanagari
5047,nic
5048,vcenter
5049,peg
5050,knitr
5051,hpc
5052,mindstorms
5053,twine
5054,libfreenect2
5055,replicaset
5056,derivative
5057,dds
5058,azure-functions
5059,daphne
5060,umfpack
5061,python-webbrowser
5062,upnp
5063,dlna
5064,odoo-11
5065,reveal.js
5066,collapse
5067,yacc
5068,lexer
5069,h.264
5070,dct
5071,babel
5072,x509certificate
5073,google-wave
5074,copy-on-write
5075,splines
5076,pango
5077,stata-macros
5078,internal-representation
5079,term-document-matrix
5080,vader
5081,percentage
5082,redo
5083,twill
5084,image-upload
5085,name-mangling
5086,doctype
5087,implication
5088,nmea
5089,java-8
5090,java-stream
5091,dryscrape
5092,data-dictionary
5093,debian-based
5094,forth
5095,nxt
5096,textwrangler
5097,html-generation
5098,google-finance
5099,embeddedwebserver
5100,distinct-values
5101,info
5102,right-to-left
5103,emailfield
5104,xubuntu
5105,classloader
5106,houghlinesp
5107,ssd
5108,pdfkit
5109,requesthandler
5110,custom-headers
5111,code-duplication
5112,toeplitz
5113,kdb
5114,rules-of-thumb
5115,chameleon
5116,expand
5117,kazoo
5118,create-table
5119,bspline
5120,qtconsole
5121,modular
5122,storage
5123,django-tables2
5124,3des
5125,macvim
5126,python-xarray
5127,django-jsonfield
5128,pure-virtual
5129,amazon-cloudwatch
5130,qtreeview
5131,tmux
5132,gnu-screen
5133,summary
5134,opengl-es
5135,dependency-properties
5136,osgeo
5137,qmenu
5138,nim
5139,nimrod
5140,helper
5141,value-type
5142,reference-type
5143,freeze
5144,email-integration
5145,geonames
5146,minhash
5147,startupscript
5148,netlogo
5149,agent-based-modeling
5150,dynamic-scope
5151,chrome-web-driver
5152,bitmask
5153,qtstylesheets
5154,name-binding
5155,nomenclature
5156,embedded-browser
5157,django-command-extensions
5158,presentation
5159,paint
5160,requests-futures
5161,sparse-dataframe
5162,class-hierarchy
5163,wmi
5164,remote-server
5165,blogger
5166,earthdistance
5167,fill
5168,object-composition
5169,biometrics
5170,watershed
5171,mouse-cursor
5172,stress-testing
5173,django-oauth
5174,boosting
5175,qstring
5176,xmlrpcclient
5177,braintree
5178,double-splat
5179,disconnect
5180,shared-state
5181,load-balancing
5182,spectrogram
5183,mlabwrap
5184,py2neo
5185,monkeyrunner
5186,fts3
5187,fts4
5188,fread
5189,hessian-matrix
5190,mamp
5191,blueprint
5192,redis-cache
5193,codemirror
5194,rubymine
5195,data-compression
5196,google-apps-script
5197,smalltalk
5198,ftpes
5199,jet
5200,many-to-one
5201,parsec
5202,combinators
5203,flatmap
5204,cascade
5205,cascading-deletes
5206,aws-ec2
5207,faker
5208,bnf
5209,rrule
5210,maven
5211,block
5212,dvcs
5213,parser-generator
5214,tokyo-cabinet
5215,file-pointer
5216,resnet
5217,raspberry-pi3
5218,protein-database
5219,xml-declaration
5220,multiple-files
5221,renaming
5222,ods
5223,utilities
5224,quadtree
5225,reporting
5226,firefox-marionette
5227,hierarchy
5228,pyxb
5229,undo
5230,undo-redo
5231,scriptable
5232,capacity
5233,kubernetes
5234,grpc
5235,masked-array
5236,jedi
5237,messaging
5238,wampserver
5239,transport
5240,gdlib
5241,video-processing
5242,arrow-python
5243,pyttsx
5244,http2
5245,geoalchemy2
5246,fuzzy-logic
5247,imagefilter
5248,undefined-symbol
5249,openrave
5250,tokyo-tyrant
5251,cgal
5252,jaxb
5253,ruamel.yaml
5254,n-dimensional
5255,bazel
5256,numba-pro
5257,windows-authentication
5258,zoom
5259,yahoo-finance
5260,steam
5261,cheeseshop
5262,cryptanalysis
5263,librosa
5264,vb.net
5265,content-disposition
5266,odeint
5267,anki
5268,v4l2
5269,twisted.web
5270,static-libraries
5271,sankey-diagram
5272,openlayers
5273,nat
5274,google-people
5275,django-generic-relations
5276,gud
5277,chain
5278,multiplexing
5279,capslock
5280,azure-authentication
5281,context-free-grammar
5282,rstudio
5283,unity3d
5284,adjacency-list
5285,django-rest-swagger
5286,morse-code
5287,mixed
5288,template-inheritance
5289,swing
5290,google-cloud-pubsub
5291,push
5292,channels
5293,qutip
5294,jack
5295,django-socialauth
5296,reusability
5297,bandwidth
5298,pki
5299,mrjob
5300,dimensionality-reduction
5301,jung
5302,piccolo
5303,semaphore
5304,cross-process
5305,tracing
5306,airflow-scheduler
5307,sentence-similarity
5308,z-wave
5309,anchor
5310,rbm
5311,pulp
5312,multibyte
5313,http-status-code-302
5314,states
5315,cos
5316,pymock
5317,malloc
5318,reflow
5319,spotify
5320,reinforcement-learning
5321,keras-rl
5322,facebook-ios-sdk
5323,aero
5324,3d-reconstruction
5325,macos-mojave
5326,openalpr
5327,flask-uploads
5328,blinker
5329,direct3d
5330,textinput
5331,identity-operator
5332,arcmap
5333,render-to-response
5334,jsonserializer
5335,django-mongodb-engine
5336,mx-record
5337,anonymous-methods
5338,subnet
5339,quadratic
5340,ftps
5341,driver
5342,dollar-sign
5343,class-factory
5344,unc
5345,templating
5346,multiple-select
5347,pascals-triangle
5348,exiftool
5349,batch-insert
5350,expect
5351,edi
5352,scrapy-splash
5353,scrapy-shell
5354,privacy
5355,cpu-speed
5356,redundancy
5357,maintainability
5358,methodology
5359,transpiler
5360,min-heap
5361,instagram
5362,instagram-api
5363,salesforce
5364,random-access
5365,http-basic-authentication
5366,dayofweek
5367,gerrit
5368,packet
5369,packet-capture
5370,google-url-shortener
5371,image-rotation
5372,contrast
5373,friend
5374,drivers
5375,finite-automata
5376,automata
5377,dfa
5378,face-recognition
5379,google-scholar
5380,filelist
5381,fromkeys
5382,mips
5383,protoc
5384,dart
5385,windows-api-code-pack
5386,cubic
5387,ellipse
5388,drupal
5389,markov
5390,lodash
5391,elasticsearch-dsl
5392,language-binding
5393,qwebview
5394,calc
5395,character-codes
5396,zooming
5397,assemblies
5398,scorm
5399,quantitative-finance
5400,tweets
5401,country
5402,emcee
5403,qtreewidget
5404,event-log
5405,traffic-measurement
5406,polling
5407,epoll
5408,optionparser
5409,nested-class
5410,pos-tagging
5411,portforwarding
5412,tmp
5413,multiple-matches
5414,cbc-mode
5415,positional-operator
5416,expression-trees
5417,bootstrap-4
5418,execute
5419,ucs
5420,color-profile
5421,data-warehouse
5422,eoferror
5423,case-class
5424,jsoniq
5425,pyenchant
5426,point-clouds
5427,weighted-average
5428,brightness
5429,hotkeys
5430,shortcut-key
5431,yolk
5432,httpwebrequest
5433,flask-mongoengine
5434,osticket
5435,redistogo
5436,preg-match
5437,submatrix
5438,org-mode
5439,record
5440,gethostbyname
5441,falconframework
5442,praw
5443,lmfit
5444,jira-rest-api
5445,python-jira
5446,django-crispy-forms
5447,fixed-width
5448,querying
5449,restart
5450,psd
5451,low-level-api
5452,stereo-3d
5453,pdfpages
5454,adblock
5455,tempo
5456,seconds
5457,sparql
5458,dbpedia
5459,pendulum
5460,portfolio
5461,vram
5462,vpn
5463,pia
5464,mktime
5465,quoted-printable
5466,email-verification
5467,codebase
5468,inference
5469,glu
5470,awtrobot
5471,apache-config
5472,tfs
5473,browsermob
5474,databricks
5475,compiler-warnings
5476,virtual-functions
5477,partials
5478,expansion
5479,sound-synthesis
5480,supercollider
5481,stripe-payments
5482,netbeans-7.1
5483,blobstore
5484,tipfy
5485,scribd
5486,jailbreak
5487,twisted.words
5488,twisted.application
5489,barcode
5490,portable-applications
5491,object-detection-api
5492,r-markdown
5493,network-share
5494,special-folders
5495,ssas
5496,ado
5497,powerpivot
5498,buckets
5499,hamcrest
5500,computer-algebra-systems
5501,symbolic-computation
5502,freak
5503,negative-lookbehind
5504,qprogressbar
5505,artifactory
5506,django-notification
5507,foursquare
5508,jruby
5509,network-drive
5510,drive-letter
5511,mobipocket
5512,nmf
5513,google-cloud-ml-engine
5514,python-exec
5515,catalan
5516,powerpoint
5517,lower-bound
5518,upperbound
5519,asciiencoding
5520,gremlin
5521,tinkerpop
5522,twilio
5523,webp
5524,restful-authentication
5525,graph-traversal
5526,coupling
5527,data-driven
5528,auto-import
5529,fancyimpute
5530,httphandler
5531,send
5532,linkedin
5533,measurement
5534,gcloud-python
5535,google-cloud-python
5536,gtable
5537,python-fu
5538,ansi
5539,disk-io
5540,verify
5541,micropython
5542,qtquickcontrols
5543,messagebox
5544,multitasking
5545,recompile
5546,acrobat
5547,asdl
5548,coffeescript
5549,patricia-trie
5550,graceful-degradation
5551,spark-submit
5552,cql3
5553,gio
5554,chemistry
5555,free
5556,fsevents
5557,kqueue
5558,plpgsql
5559,pdo
5560,imdb
5561,qwerty
5562,vim-plugin
5563,class-based-views
5564,json-schema-validator
5565,cerberus
5566,voluptuous
5567,activerecord
5568,datamapper
5569,blobs
5570,python-object
5571,boilerpipe
5572,colander
5573,entitlements
5574,appstore-sandbox
5575,i2c
5576,smbus
5577,uncertainty
5578,ghc
5579,http-status-code-301
5580,google-contacts
5581,keystrokes
5582,winsock
5583,rosalind
5584,build-script
5585,job-scheduling
5586,condor
5587,max-size
5588,logstash
5589,elastic-stack
5590,openstack-shade
5591,webpack
5592,lan
5593,webpack-dev-server
5594,live
5595,automatic-updates
5596,library-interposition
5597,multiple-monitors
5598,tidy
5599,v8
5600,cmdlets
5601,datanucleus
5602,scrapinghub
5603,ionic-framework
5604,psutil
5605,autobahnws
5606,server-sent-events
5607,sublimerope
5608,myhdl
5609,quandl
5610,hocr
5611,soft-delete
5612,chunked-encoding
5613,josephus
5614,man-in-the-middle
5615,tensorflow-lite
5616,autograd
5617,bllip-parser
5618,proxies
5619,pppoe
5620,blender-2.50
5621,extending
5622,ffprobe
5623,http-status-code-410
5624,bounds
5625,file-traversal
5626,ext2
5627,pylot
5628,eager
5629,spring
5630,resolve
5631,stopwatch
5632,countdowntimer
5633,geometric-mean
5634,bytea
5635,date-of-birth
5636,stdio
5637,makemigrations
5638,smtp-auth
5639,firebug
5640,cinema-4d
5641,simplify
5642,synchronous
5643,http-status-code-304
5644,ctrl
5645,chdir
5646,strace
5647,oauth2
5648,qimage
5649,pyqtgraph
5650,flask-mail
5651,eve
5652,pythonmagick
5653,ones-complement
5654,proximity
5655,photos
5656,photo-management
5657,timeline
5658,cross-reference
5659,unix-socket
5660,unix-domain-sockets
5661,paging
5662,data-paging
5663,hyperparameters
5664,selecteditem
5665,selected
5666,lzma
5667,hardlink
5668,textctrl
5669,chardet
5670,cvxpy
5671,deflate
5672,nested-statement
5673,copy-constructor
5674,case-conversion
5675,pre-trained-model
5676,url-validation
5677,symbol-table
5678,curly-brackets
5679,shellcode
5680,operation
5681,apostrophe
5682,universal-hashing
5683,squid
5684,throws
5685,rating
5686,monad-transformers
5687,encryption-symmetric
5688,synonym
5689,bleu
5690,session-variables
5691,qtablewidget
5692,technical-debt
5693,resource-cleanup
5694,alternate
5695,jsonp
5696,windows-server-2008
5697,bandwidth-throttling
5698,pastebin
5699,keypoint
5700,lexical
5701,r-daisy
5702,complement
5703,transactional
5704,telnetlib
5705,choice
5706,property-based-testing
5707,python-hypothesis
5708,executemany
5709,pixmap
5710,etag
5711,opticalflow
5712,template-metal
5713,blender-2.61
5714,multiway-tree
5715,underline
5716,javax.script
5717,reverse-geocoding
5718,lasagne
5719,continuation
5720,gulp
5721,insets
5722,jenkins-plugins
5723,hadoop-streaming
5724,libpng
5725,textscan
5726,mincemeat
5727,rawsql
5728,negative-lookahead
5729,reasoning
5730,gchart
5731,procmail
5732,spark-csv
5733,pstats
5734,object-equality
5735,django-imagekit
5736,google-news
5737,unions
5738,qtkit
5739,isight
5740,plist
5741,sysv
5742,friendly-url
5743,pys60
5744,object-oriented-analysis
5745,starmap
5746,qmake
5747,logfile-analysis
5748,social
5749,nul
5750,des
5751,magento
5752,suffix-array
5753,private-messaging
5754,spread-syntax
5755,serverless-framework
5756,argb
5757,scratch-file
5758,multiplatform
5759,qtimer
5760,dynamic-class-creation
5761,weighting
5762,atom-feed
5763,h2o
5764,elasticsearch-5
5765,jpeg2000
5766,run-configuration
5767,alphablending
5768,static-site
5769,rule-engine
5770,business-rules
5771,django-viewflow
5772,phong
5773,extends
5774,augmented-reality
5775,homography
5776,performancecounter
5777,gfx
5778,factors
5779,webob
5780,dhcp
5781,s-expression
5782,truecrypt
5783,bug-tracking
5784,non-web
5785,nethack
5786,autohotkey
5787,turi-create
5788,django-annotate
5789,ibm-midrange
5790,extrapolation
5791,confusion-matrix
5792,phpinfo
5793,at-command
5794,cartography
5795,vhdl
5796,prefuse
5797,image-uploading
5798,matplotlib-widget
5799,associated-object
5800,amazon-elasticache
5801,setforegroundwindow
5802,file-access
5803,amazon-product-api
5804,topology
5805,mechanicalturk
5806,elastic-map-reduce
5807,memory-mapped-files
5808,yield-keyword
5809,google-cloud-messaging
5810,restore
5811,fhs
5812,xarray
5813,ddd-repositories
5814,sieve
5815,sieve-of-atkin
5816,purely-functional
5817,formal-verification
5818,isolation-level
5819,transaction-isolation
5820,microcontroller
5821,plc
5822,extern
5823,stocktwits
5824,pdf-parsing
5825,pdf-manipulation
5826,fiddler
5827,tiles
5828,hexagonal-tiles
5829,sticky
5830,python-dragonfly
5831,pbs
5832,qsub
5833,multifile
5834,django-openid-auth
5835,parallelism-amdahl
5836,tap
5837,perl-prove
5838,cassandra-python-driver
5839,format-string
5840,windows-server-2012-r2
5841,bytebuffer
5842,fontconfig
5843,passport.js
5844,latent-semantic-indexing
5845,genshi
5846,bulkloader
5847,cedet
5848,game-engine
5849,astropy
5850,fits
5851,positional-parameter
5852,python-jedi
5853,weasyprint
5854,logrotate
5855,log-rotation
5856,webrtc
5857,pyhook
5858,pythoncom
5859,locality-sensitive-hash
5860,satellite
5861,sql-parser
5862,getenv
5863,noaa
5864,chroot
5865,jail
5866,zero-copy
5867,isomorphism
5868,textview
5869,aws-glue
5870,tensorflow-slim
5871,swagger-codegen
5872,gspread
5873,iis-7
5874,flask-sockets
5875,pgadmin
5876,.obj
5877,voxel
5878,linux-distro
5879,paypal-ipn
5880,mathematica-8
5881,mathlink
5882,keyboard-hook
5883,qt-creator
5884,console-application
5885,datamodel
5886,custom-type
5887,quicken
5888,firebase
5889,firebase-cloud-messaging
5890,hydrogen
5891,candlestick-chart
5892,apache-zookeeper
5893,apache-curator
5894,fluid-dynamics
5895,multiple-assignment
5896,fizzbuzz
5897,python-memcached
5898,wpa
5899,multiprocessing-manager
5900,hcluster
5901,doublebuffered
5902,alamofire
5903,splash
5904,angularjs-routing
5905,amazon-cloudformation
5906,model-fitting
5907,couchbase
5908,ipod
5909,beaker
5910,qpainter
5911,gdata
5912,appstats
5913,dylib
5914,steamworks-api
5915,statements
5916,sslv3
5917,flood-fill
5918,teradata
5919,raytracing
5920,worker
5921,setrlimit
5922,poppler
5923,user-data
5924,platypus
5925,qmediaplayer
5926,enigma2
5927,enigma-catalyst
5928,cloudera
5929,opencv-python
5930,datatable
5931,production
5932,cntk
5933,proftpd
5934,pyftpdlib
5935,flask-testing
5936,tracker
5937,cross-site
5938,inkscape
5939,itunes-sdk
5940,granularity
5941,divider
5942,sse2
5943,data-pipeline
5944,google-cloud-logging
5945,google-cloud-stackdriver
5946,django-simple-history
5947,autoencoder
5948,chromium-embedded
5949,google-play-services
5950,calling-convention
5951,django-pipeline
5952,xdist
5953,pylucene
5954,f5
5955,devpi
5956,firewire
5957,cloudamqp
5958,odroid
5959,code-design
5960,attention-model
5961,lighttpd
5962,128bit
5963,finite-field
5964,utm
5965,scraperwiki
5966,seaside
5967,django-admin-actions
5968,openldap
5969,tidesdk
5970,dynamic-attributes
5971,rational-numbers
5972,agent
5973,partition
5974,space-efficiency
5975,sniffing
5976,digit
5977,apache-pig
5978,textarea
5979,opencv-stitching
5980,walkthrough
5981,corruption
5982,qitemdelegate
5983,qlistview
5984,tablib
5985,formalchemy
5986,robust
5987,transition
5988,cpuid
5989,sprite
5990,perceptron
5991,applicative
5992,syntax-rules
5993,arcgis
5994,kivy-language
5995,odoo-8
5996,hashtag
5997,denied
5998,wow64
5999,wt
6000,google-notebook
6001,production-environment
6002,google-cloud-sdk
6003,box
6004,centos6.5
6005,weka
6006,vagrantfile
6007,gzipfile
6008,mailchimp
6009,amazon-swf
6010,inline-formset
